Player,From,To,Yrs,GP,G,A,PTS,+/-,PIM,EV,PP,SH,GW,EV,PP,SH,S,S%,TOI,ATOI,-9999
Clarence Abel,1927,1929,3,111,11,6,17,,151,,,,3,,,,,,,,abelcl01
Douglas Adam,1950,1950,1,4,0,1,1,,0,0,0,0,0,1,0,0,,,,,adamdo01
Lloyd Ailsby,1952,1952,1,3,0,0,0,,2,0,0,0,0,0,0,0,,,,,ailsbll01
Clint Albright,1949,1949,1,59,14,5,19,,19,10,4,0,1,2,3,0,,,,,albricl01
Conor Allen,2014,2015,2,7,0,0,0,-2,4,0,0,0,0,0,0,0,4,0,92,13:10,allenco01
George Allen,1939,1939,1,19,6,6,12,,10,4,1,1,3,4,2,0,,,,,allenge01
Mike Allison,1981,1986,6,266,63,102,165,28,297,56,7,0,5,81,19,2,353,17.8,,,allismi01
Bill Allum,1941,1941,1,1,0,1,1,,0,0,0,0,0,1,0,0,,,,,allumbi01
Tony Amonte,1992,1994,3,234,84,99,183,17,135,59,25,0,12,73,26,0,683,12.3,,,amontto01
Glenn Anderson*,1994,1994,1,12,4,2,6,1,12,2,2,0,0,1,1,0,22,18.2,,,andergl01
Kent-Erik Andersson,1983,1984,2,134,13,35,48,11,22,13,0,0,2,31,2,2,162,8,,,anderke01
Lias Andersson,2018,2020,3,66,3,6,9,-20,33,2,0,1,0,6,0,0,59,5.1,696,10:33,anderli01
Peter Andersson,1993,1994,2,39,5,12,17,1,20,1,3,1,2,6,6,0,78,6.4,,,anderpe03
Paul Andrea,1966,1966,1,4,1,1,2,-1,0,1,0,0,0,1,0,0,7,14.3,,,andrepa01
Lou Angotti,1965,1966,2,91,11,10,21,-28,22,7,3,1,1,9,1,0,90,12.2,,,angotlo01
Artem Anisimov,2009,2012,4,244,46,62,108,13,86,37,8,1,5,56,6,0,447,10.3,3613,14:48,anisiar01
Hub Anslow,1948,1948,1,2,0,0,0,,0,0,0,0,0,0,0,0,,,,,anslohu01
Nik Antropov,2009,2009,1,18,7,6,13,-1,6,5,2,0,2,4,2,0,53,13.2,308,17:05,antroni01
Syl Apps,1971,1971,1,31,1,2,3,0,11,1,0,0,0,1,1,0,25,4,,,appssy02
Dave Archibald,1990,1990,1,19,2,3,5,0,6,1,1,0,0,2,1,0,30,6.7,,,archida01
Derek Armstrong,1999,2001,3,7,0,0,0,0,0,0,0,0,0,0,0,0,8,0,46,6:32,armstde01
Arron Asham,2013,2014,2,33,2,0,2,-3,64,2,0,0,0,0,0,0,15,13.3,224,6:47,ashamar01
Oscar Asmundson,1933,1934,2,94,7,16,23,,28,2,0,0,0,6,0,0,,,,,asmunos01
Walt Atanas,1945,1945,1,49,13,8,21,,40,12,0,1,1,7,1,0,,,,,atanawa01
Ron Attwell,1968,1968,1,4,0,0,0,0,2,0,0,0,0,0,0,0,2,0,,,attwero01
Ossie Aubuchon,1944,1944,1,38,16,12,28,,4,16,0,0,2,10,2,0,,,,,aubucos01
Sean Avery,2007,2012,6,264,45,78,123,19,601,37,8,0,7,62,14,2,555,8.1,3603,13:39,averyse01
Don Awrey,1978,1978,1,78,2,8,10,-14,38,2,0,0,1,7,1,0,40,5,,,awreydo01
Vern Ayres,1936,1936,1,28,0,4,4,,38,0,0,0,0,3,1,0,,,,,ayresve01
Pete Babando,1953,1953,1,29,4,4,8,,4,2,2,0,1,4,0,0,,,,,babanpe01
Christian Bäckman,2008,2008,1,18,2,6,8,2,20,1,1,0,0,4,2,0,21,9.5,339,18:49,backmch01
Mike Backman,1982,1984,3,18,1,6,7,1,18,1,0,0,0,6,0,0,16,6.3,,,backmmi01
Bill Baker,1983,1983,1,70,4,14,18,-8,64,3,1,0,2,12,2,0,65,6.2,,,bakerbi01
Jozef Balej,2004,2004,1,13,1,4,5,0,4,1,0,0,0,3,1,0,25,4,170,13:06,balejjo01
Dave Balon,1960,1972,8,362,99,113,212,43,284,80,16,3,17,97,14,2,730,13.6,,,balonda01
Jeff Bandura,1981,1981,1,2,0,1,1,-3,0,0,0,0,0,1,0,0,2,0,,,banduje01
Drew Bannister,2001,2001,1,3,0,0,0,-1,0,0,0,0,0,0,0,0,3,0,32,10:47,bannidr01
Ivan Baranka,2008,2008,1,1,0,1,1,1,0,0,0,0,0,1,0,0,1,0,13,12:44,baraniv01
Matthew Barnaby,2002,2004,3,196,34,55,89,21,406,33,1,0,3,53,2,0,240,14.2,2390,12:12,barnama01
Dave Barr,1984,1984,1,6,0,0,0,0,2,0,0,0,0,0,0,0,9,0,,,barrda01
Morgan Barron,2021,2022,2,18,1,1,2,-2,6,1,0,0,0,1,0,0,12,8.3,184,10:14,barromo01
Jim Bartlett,1956,1960,3,126,19,14,33,-4,174,15,2,2,3,12,1,1,64,12.5,,,bartlji01
Cliff Barton,1940,1940,1,3,0,0,0,,0,0,0,0,0,0,0,0,,,,,bartocl01
Andy Bathgate*,1953,1964,12,719,272,457,729,-28,444,207,59,6,23,292,162,3,1384,9.7,,,bathgan01
Frank Bathgate,1953,1953,1,2,0,0,0,,2,0,0,0,0,0,0,0,,,,,bathgfr01
Frank Beaton,1979,1980,2,25,1,1,2,-6,43,1,0,0,0,1,0,0,19,5.3,,,beatofr01
Barry Beck,1980,1986,7,415,66,173,239,75,775,35,27,4,6,102,63,8,934,7.1,,,beckba01
Taylor Beck,2017,2017,1,2,0,0,0,-2,0,0,0,0,0,0,0,0,5,0,26,13:12,beckta01
John Bednarski,1975,1977,3,99,2,18,20,-19,114,2,0,0,0,15,2,1,110,1.8,,,bednajo01
Matt Beleskey,2018,2019,2,5,1,0,1,0,9,1,0,0,0,0,0,0,3,33.3,42,8:25,belesma01
Danny Belisle,1961,1961,1,4,2,0,2,3,0,2,0,0,0,0,0,0,8,25,,,belisda01
Brendan Bell,2012,2012,1,1,0,0,0,-1,0,0,0,0,0,0,0,0,2,0,11,11:26,bellbr02
Bruce Bell,1988,1988,1,13,1,2,3,-10,8,1,0,0,1,0,2,0,12,8.3,,,bellbr01
Huddy Bell,1947,1947,1,1,0,1,1,,0,0,0,0,0,1,0,0,,,,,bellha01
Joe Bell,1943,1947,2,62,8,9,17,,18,7,1,0,0,9,0,0,,,,,belljo01
Lin Bend,1943,1943,1,8,3,1,4,,2,3,0,0,0,1,0,0,,,,,bendli01
Curt Bennett,1973,1973,1,16,0,1,1,-2,11,0,0,0,0,1,0,0,13,0,,,bennecu01
Rick Bennett,1990,1992,3,15,1,1,2,-6,13,1,0,0,0,1,0,0,11,9.1,,,benneri01
Doug Bentley*,1954,1954,1,20,2,10,12,,2,2,0,0,0,2,8,0,,,,,bentldo01
Max Bentley*,1954,1954,1,57,14,18,32,,15,5,9,0,2,3,14,1,,,,,bentlma01
Bryan Berard,2002,2002,1,82,2,21,23,-1,60,2,0,0,0,15,5,1,132,1.5,1610,19:38,berarbr01
Red Berenson,1967,1968,2,49,2,6,8,-6,4,2,0,0,0,6,0,0,71,2.8,,,berenre01
Bill Berg,1996,1998,3,152,11,16,27,-13,100,8,0,3,3,16,0,0,185,5.9,925,,bergbi01
Blair Betts,2006,2009,4,304,25,15,40,-23,84,20,1,4,1,13,1,1,382,6.5,3753,12:21,bettsbl01
Jeff Beukeboom,1992,1999,8,520,18,72,90,63,1157,17,1,0,1,66,0,6,333,5.4,1712,38:03:00,beukeje01
Nick Beverley,1975,1977,3,139,4,23,27,4,67,4,0,0,0,22,0,1,155,2.6,,,beverni01
Stu Bickel,2012,2013,2,67,0,9,9,0,157,0,0,0,0,8,0,1,24,0,621,9:16,bickest01
Anthony Bitetto,2021,2021,1,14,1,3,4,-8,20,1,0,0,0,2,1,0,12,8.3,202,14:26,bitetan01
Bob Blackburn,1969,1969,1,11,0,0,0,4,0,0,0,0,0,0,0,0,6,0,,,blackbo01
Don Blackburn,1970,1971,2,4,0,0,0,0,0,0,0,0,0,0,0,0,1,0,,,blackdo01
Colin Blackwell,2021,2021,1,47,12,10,22,2,15,9,3,0,2,8,2,0,64,18.8,658,14:00,blackco01
Sammy Blais,2022,2023,2,54,0,9,9,4,25,0,0,0,0,9,0,0,48,0,574,10:37,blaissa01
Mike Blaisdell,1984,1985,2,48,6,6,12,-4,42,6,0,0,1,6,0,0,81,7.4,,,blaismi01
Jeff Bloemberg,1989,1992,4,43,3,6,9,-2,25,1,2,0,1,2,4,0,38,7.9,,,bloemje01
Sylvain Blouin,1997,1998,2,7,0,0,0,-1,23,0,0,0,0,0,0,0,1,0,1,,blouisy01
Nick Bonino,2024,2024,1,14,0,0,0,-1,2,0,0,0,0,0,0,0,8,0,165,11:46,boninni01
Derek Boogaard,2011,2011,1,22,1,1,2,0,45,1,0,0,0,1,0,0,4,25,100,4:33,boogade01
Tim Bothwell,1979,1982,4,62,4,10,14,-9,32,4,0,0,2,10,0,0,45,8.9,,,bothwti01
Dick Bouchard,1955,1955,1,1,0,0,0,,0,0,0,0,0,0,0,0,,,,,bouchdi01
Joël Bouchard,2003,2004,2,55,6,14,20,8,24,5,1,0,2,10,4,0,75,8,1011,18:23,bouchjo01
Frank Boucher*,1927,1944,13,533,152,262,414,,106,40,8,1,24,85,19,0,,,,,bouchfr01
Leo Bourgeault,1927,1931,5,155,17,11,28,,229,,,,4,,,,,,,,bourgle01
Phil Bourque,1993,1994,2,71,6,15,21,-11,47,6,0,0,2,12,3,0,73,8.2,,,bourqph01
Ryan Bourque,2015,2015,1,1,0,0,0,-1,0,0,0,0,0,0,0,0,1,0,12,11:49,bourqry01
Paul Boutilier,1988,1988,1,4,0,1,1,-1,6,0,0,0,0,0,1,0,3,0,,,boutipa01
Jack Bownass,1959,1962,3,76,3,7,10,-6,58,3,0,0,1,7,0,0,39,5.1,,,bownaja01
Bill Boyd,1927,1929,3,98,8,1,9,,58,,,,4,,,,,,,,boydbi01
Brian Boyle,2010,2014,5,355,44,46,90,-14,265,38,5,1,7,36,4,6,649,6.8,4726,13:19,boylebr01
Dan Boyle,2015,2016,2,139,19,25,44,18,50,13,6,0,3,13,12,0,211,9,2708,19:29,boyleda01
Donald Brashear,2010,2010,1,36,0,1,1,-9,73,0,0,0,0,1,0,0,18,0,225,6:15,brashdo01
Derick Brassard,2013,2016,4,254,69,105,174,26,110,46,23,0,12,66,39,0,534,12.9,4318,17:00,brassde01
Justin Braun,2022,2022,1,8,1,1,2,-1,0,1,0,0,0,1,0,0,6,16.7,127,15:52,braunju01
Doug Brennan,1932,1934,3,123,9,7,16,,147,0,0,0,0,0,0,0,,,,,brenndo01
Rich Brennan,1999,1999,1,24,1,3,4,-4,23,1,0,0,0,0,3,0,36,2.8,313,13:02,brennri01
John Brenneman,1965,1966,2,33,3,3,6,-15,20,3,0,0,0,3,0,0,29,10.3,,,brennjo01
Connor Brickley,2019,2019,1,14,1,3,4,3,9,1,0,0,0,3,0,0,18,5.6,126,8:59,brickco01
Stéphane Brochu,1989,1989,1,1,0,0,0,1,0,0,0,0,0,0,0,0,1,0,,,brochst01
Jonny Brodzinski,2021,2024,4,45,3,2,5,3,22,3,0,0,0,2,0,0,68,4.4,463,10:18,brodzjo01
Bob Brooke,1984,1987,4,175,35,36,71,-17,214,27,6,2,3,27,6,3,308,11.4,,,brookbo01
Paul Broten,1990,1993,4,194,27,33,60,11,194,23,0,4,1,30,0,3,230,11.7,,,brotepa01
Arnie Brown,1965,1971,7,460,33,98,131,-11,547,30,3,0,5,86,11,1,851,3.9,,,brownar01
Brad Brown,2001,2001,1,48,1,3,4,0,107,1,0,0,0,3,0,0,14,7.1,697,14:31,brownbr01
Harold Brown,1946,1946,1,13,2,1,3,,2,2,0,0,0,1,0,0,,,,,brownha01
Larry Brown,1970,1971,2,46,1,4,5,14,18,0,1,0,0,2,2,0,73,1.4,,,brownla01
Stan Brown,1927,1927,1,24,6,3,9,,14,,,,2,,,,,,,,brownst01
Jeff Brubaker,1988,1988,1,31,2,0,2,0,78,2,0,0,0,0,0,0,9,22.2,,,brubaje01
Glenn Brydson,1936,1936,1,30,4,13,17,,9,4,0,0,1,7,6,0,,,,,brydsgl01
Bucky Buchanan,1949,1949,1,2,0,0,0,,0,0,0,0,0,0,0,0,,,,,buchabu01
Pavel Buchnevich,2017,2021,5,301,79,116,195,7,112,58,18,3,8,84,31,1,578,13.7,4789,15:55,buchnpa01
Hy Buller,1952,1954,3,179,22,55,77,,209,17,5,0,1,26,29,0,,,,,bullehy01
Pavel Bure*,2002,2003,2,51,31,19,50,13,22,22,8,1,4,12,7,0,185,16.8,1023,20:04,burepa01
Kelly Burnett,1953,1953,1,3,1,0,1,,0,1,0,0,0,0,0,0,,,,,burneke01
Gary Burns,1981,1981,1,11,2,2,4,-9,18,2,0,0,1,1,1,0,13,15.4,,,burnsga01
Norm Burns,1942,1942,1,11,0,4,4,,2,0,0,0,0,2,2,0,,,,,burnsno01
Jerry Butler,1973,1975,3,112,24,26,50,3,130,20,2,2,2,21,5,0,229,10.5,,,butleje01
Dane Byers,2008,2010,2,6,1,0,1,0,31,1,0,0,0,0,0,0,3,33.3,37,6:09,byersda01
Jerry Byers,1978,1978,1,7,2,1,3,-1,0,2,0,0,1,1,0,0,7,28.6,,,byersje01
Larry Cahan,1957,1965,7,309,19,39,58,-71,335,17,2,0,4,32,7,0,294,4.1,,,cahanla01
Eric Cairns,1997,1998,2,79,0,4,4,-10,239,0,0,0,0,4,0,0,34,0,402,,cairner01
Ryan Callahan,2007,2014,8,450,132,122,254,-2,268,82,44,6,26,89,27,6,1240,10.6,8236,18:18,callary01
Patsy Callighen,1928,1928,1,36,0,0,0,,32,,,,0,,,,,,,,callipa01
Scotty Cameron,1943,1943,1,35,8,11,19,,0,6,2,0,0,8,3,0,,,,,camersc01
Daniel Carcillo,2014,2014,1,31,3,0,3,0,43,3,0,0,1,0,0,0,22,13.6,272,8:47,carcida01
Paul Carey,2018,2018,1,60,7,7,14,-13,20,5,1,1,1,7,0,0,51,13.7,616,10:16,careypa01
Terry Carkner,1987,1987,1,52,2,13,15,-1,118,2,0,0,0,11,2,0,33,6.1,,,carknte01
Bobby Carpenter,1987,1987,1,28,2,8,10,-11,20,1,1,0,0,5,2,1,43,4.7,,,carpebo01
Ryan Carpenter,2023,2023,1,22,1,2,3,-5,10,1,0,0,0,2,0,0,17,5.9,202,9:11,carpery01
Gene Carr,1972,1974,3,139,18,23,41,4,90,15,3,0,4,21,2,0,164,11,,,carrge01
Lorne Carr,1934,1934,1,14,0,0,0,,0,0,0,0,0,0,0,0,,,,,carrlo01
Gene Carrigan,1931,1931,1,33,2,0,2,,13,,,,1,,,,,,,,carrige01
Bill Carse,1939,1939,1,1,0,1,1,,0,0,0,0,0,1,0,0,,,,,carsebi01
Gerry Carson,1929,1929,1,8,0,0,0,,5,,,,0,,,,,,,,carsoge01
Anson Carter,2003,2004,2,54,11,11,22,-12,20,6,4,1,2,9,2,0,80,13.8,866,16:02,cartean01
Daniel Catenacci,2018,2018,1,1,0,0,0,-1,0,0,0,0,0,0,0,0,1,0,11,11:03,catenda01
Jay Caufield,1987,1987,1,13,2,1,3,-1,45,2,0,0,0,1,0,0,8,25,,,caufija01
Chick Chalmers,1954,1954,1,1,0,0,0,,0,0,0,0,0,0,0,0,,,,,chalmch01
Todd Charlesworth,1990,1990,1,7,0,0,0,-3,6,0,0,0,0,0,0,0,4,0,,,charlto01
Rick Chartraw,1983,1984,2,30,2,2,4,-2,41,2,0,0,0,2,0,0,21,9.5,,,chartri01
Erik Christensen,2010,2012,3,132,20,38,58,17,44,14,6,0,2,31,7,0,173,11.6,1724,13:04,chriser01
Bob Chrystal,1954,1955,2,132,11,14,25,,112,7,4,0,3,8,5,1,,,,,chrysbo01
Shane Churla,1996,1997,2,55,0,1,1,-13,132,0,0,0,0,1,0,0,24,0,,,churlsh01
Filip Chytil,2018,2024,7,337,64,80,144,-11,80,57,7,0,9,70,10,0,678,9.4,4731,14:02,chytifi01
Hank Ciesla,1958,1959,2,131,8,20,28,,35,8,0,0,3,19,1,0,,,,,cieslha01
Zdeno Cíger,2002,2002,1,29,6,7,13,-3,16,5,1,0,1,6,1,0,48,12.5,420,14:30,cigerzd01
Joe Cirella,1991,1993,3,141,7,18,25,13,258,5,1,1,0,14,3,1,117,6,,,cireljo01
Fredrik Claesson,2019,2019,1,37,2,4,6,3,9,2,0,0,0,3,0,1,44,4.5,638,17:15,claesfr01
Dan Clark,1979,1979,1,4,0,1,1,1,6,0,0,0,0,1,0,0,4,0,,,clarkda01
Adam Clendening,2017,2017,1,31,2,9,11,3,17,1,1,0,0,8,1,0,38,5.3,490,15:49,clendad01
Bruce Cline,1957,1957,1,30,2,3,5,,10,2,0,0,1,3,0,0,,,,,clinebr01
Ryane Clowe,2013,2013,1,12,3,5,8,5,14,2,1,0,0,4,1,0,22,13.6,204,17:02,clowery01
Bill Collins,1976,1976,1,50,4,4,8,-19,38,3,0,1,0,3,1,0,47,8.5,,,collibi01
Mac Colville,1936,1947,9,353,71,102,173,,130,62,6,3,15,74,21,7,,,,,colvima01
Neil Colville*,1936,1949,12,465,100,166,266,,213,85,8,7,19,130,30,6,,,,,colvine01
Les Colwill,1959,1959,1,69,7,6,13,,16,5,0,2,3,5,0,1,,,,,colwile01
Jim Conacher,1952,1953,2,33,1,5,6,,4,1,0,0,0,3,2,0,,,,,conacji01
Pat Conacher,1980,1983,2,22,0,6,6,-9,8,0,0,0,0,6,0,0,20,0,,,conacpa01
Pete Conacher,1955,1956,2,93,21,18,39,,18,19,2,0,5,13,5,0,,,,,conacpe01
Bert Connelly,1935,1936,2,72,12,13,25,,33,12,0,0,4,12,1,0,,,,,connebe01
Cam Connor,1980,1983,3,28,1,6,7,9,81,1,0,0,0,6,0,0,26,3.8,,,connoca01
Bill Cook*,1927,1937,11,475,228,138,366,,386,33,9,0,43,30,12,0,,,,,cookbi01
Bun Cook*,1927,1936,10,433,154,141,295,,450,28,6,1,31,28,13,0,,,,,cookbu01
Hal Cooper,1945,1945,1,8,0,0,0,,2,0,0,0,0,0,0,0,,,,,coopeha01
Joe Cooper,1936,1947,4,154,5,13,18,,134,4,1,0,1,13,0,0,,,,,coopejo01
Andrew Copp,2022,2022,1,16,8,10,18,13,8,7,0,1,2,9,1,0,32,25,272,17:01,coppan01
Art Coulter*,1936,1942,7,288,18,68,86,,342,14,3,1,4,56,9,3,,,,,coultar01
Russ Courtnall,1997,1997,1,14,2,5,7,-3,2,0,1,1,1,3,2,0,24,8.3,,,courtru01
Danny Cox,1934,1934,1,13,5,0,5,,2,4,1,0,0,0,0,0,,,,,coxda01
Adam Cracknell,2018,2018,1,4,0,0,0,-1,0,0,0,0,0,0,0,0,4,0,30,7:30,crackad01
Bob Crawford,1986,1987,2,14,1,2,3,1,12,1,0,0,0,2,0,0,16,6.3,,,crawfbo01
Dave Creighton,1956,1958,3,210,55,87,142,,123,38,17,0,8,56,31,0,,,,,creigda01
Cory Cross,2003,2003,1,26,0,4,4,13,16,0,0,0,0,3,0,1,18,0,447,17:12,crossco01
Brian Cullen,1960,1961,2,106,19,40,59,-1,12,12,7,0,1,30,10,0,151,12.6,,,cullebr01
Matt Cullen,2007,2007,1,80,16,25,41,0,52,11,2,3,2,18,5,2,217,7.4,1373,17:10,cullema01
Ray Cullen,1966,1966,1,8,1,3,4,-2,0,1,0,0,0,3,0,0,10,10,,,cullera01
Bob Cunningham,1961,1962,2,4,0,1,1,2,0,0,0,0,0,1,0,0,3,0,,,cunnibo01
Ian Cushenan,1960,1960,1,17,0,1,1,-13,22,0,0,0,0,1,0,0,7,0,,,cusheia01
William Cuylle,2023,2024,2,18,3,2,5,0,16,3,0,0,1,1,1,0,20,15,206,11:28,cuyllwi01
Paul Cyr,1988,1989,2,41,4,13,17,-5,43,2,1,1,0,11,2,0,72,5.6,,,cyrpa01
Hank D'Amore,1944,1944,1,4,1,0,1,,2,1,0,0,0,0,0,0,,,,,damorha01
Ulf Dahlén,1988,1990,3,189,71,60,131,-5,106,39,32,0,9,37,23,0,417,17,,,dahleul01
Alexandre Daigle,2000,2000,1,58,8,18,26,-5,23,7,1,0,1,13,5,0,52,15.4,637,10:59,daiglal02
Gord Davidson,1943,1944,2,51,3,6,9,,8,3,0,0,0,6,0,0,,,,,davidgo01
Jason Dawe,2000,2002,2,4,0,1,1,-1,2,0,0,0,0,1,0,0,9,0,50,12:32,daweja01
Nigel Dawes,2007,2009,3,121,25,24,49,5,25,19,6,0,8,22,2,0,224,11.2,1524,12:36,dawesni01
Greg de Vries,2004,2004,1,53,3,12,15,12,37,3,0,0,0,10,1,1,58,5.2,1007,19:01,devrigr01
Billy Dea,1954,1954,1,14,1,1,2,,2,1,0,0,0,1,0,0,,,,,deabi01
Tony DeAngelo,2018,2021,4,167,19,73,92,-6,139,16,3,0,3,40,33,0,341,5.6,3131,18:45,deangan01
Lucien DeBlois,1978,1989,6,326,57,79,136,-36,297,53,4,0,6,68,9,2,494,11.5,,,deblolu01
Michael Del Zotto,2010,2014,5,292,26,95,121,-4,116,16,8,2,3,45,48,2,397,6.5,5973,20:27,delzomi01
Val Delory,1949,1949,1,1,0,0,0,,0,0,0,0,0,0,0,0,,,,,delorva01
Ab DeMarco,1944,1947,4,182,67,87,154,,34,61,6,0,4,73,14,0,,,,,demarab01
Ab DeMarco,1970,1973,4,104,8,21,29,35,19,6,2,0,2,19,2,0,207,3.9,,,demarab02
Tony Demers,1944,1944,1,1,0,0,0,,0,0,0,0,0,0,0,0,,,,,demerto01
Jean-Paul Denis,1947,1950,2,10,0,2,2,,2,0,0,0,0,2,0,0,,,,,denisje01
David Desharnais,2018,2018,1,71,6,22,28,-22,18,4,2,0,0,17,5,0,55,10.9,927,13:03,deshada01
Vic Desjardins,1932,1932,1,48,3,3,6,,16,,,,0,,,,,,,,desjavi01
André Deveaux,2012,2012,1,9,0,1,1,3,29,0,0,0,0,1,0,0,2,0,48,5:23,deveaan01
Tom Dewar,1944,1944,1,9,0,2,2,,4,0,0,0,0,2,0,0,,,,,dewarto01
Phillip Di Giuseppe,2020,2021,2,51,2,10,12,3,15,2,0,0,0,10,0,0,79,2.5,570,11:10,digiuph01
Raphael Diaz,2014,2014,1,11,1,1,2,5,4,1,0,0,0,0,1,0,18,5.6,168,15:19,diazra01
Herb Dickenson,1952,1953,2,48,18,17,35,,10,15,3,0,2,14,3,0,,,,,dickehe01
Bob Dill,1944,1945,2,76,15,15,30,,135,15,0,0,0,14,1,0,,,,,dillbo01
Cecil Dillon,1931,1939,9,409,160,121,281,,100,78,21,10,27,73,19,1,,,,,dilloce01
Wayne Dillon,1976,1978,3,216,43,66,109,-32,58,38,5,0,3,59,7,0,346,12.4,,,dillowa01
Rob DiMaio,2000,2000,1,12,1,3,4,-8,8,1,0,0,0,2,1,0,18,5.6,186,15:30,dimairo01
Marcel Dionne*,1987,1989,3,118,42,56,98,-28,80,15,27,0,4,25,31,0,307,13.7,,,dionnma01
Pär Djoos,1992,1993,2,56,2,19,21,7,42,1,1,0,1,14,5,0,43,4.7,,,djoospe01
Gary Doak,1972,1972,1,50,1,10,11,15,54,1,0,0,0,10,0,0,33,3,,,doakga01
Jason Doig,2000,2001,2,10,0,1,1,-2,22,0,0,0,0,1,0,0,4,0,82,8:09,doigja01
Tie Domi,1991,1993,3,82,5,4,9,-10,526,5,0,0,1,4,0,0,36,13.9,,,domiti01
Ted Donato,2003,2003,1,49,2,1,3,-1,6,2,0,0,0,1,0,0,30,6.7,419,8:33,donatte01
Mike Donnelly,1987,1988,2,22,3,3,6,-5,8,3,0,0,0,3,0,0,35,8.6,,,donnemi01
André Doré,1979,1985,6,139,8,38,46,23,153,8,0,0,1,35,2,1,102,7.8,,,dorean01
Jim Dorey,1972,1972,1,1,0,0,0,0,0,0,0,0,0,0,0,0,0,,,,doreyji01
Derek Dorsett,2014,2014,1,51,4,4,8,-1,128,4,0,0,0,4,0,0,67,6,562,11:02,dorsede01
Bruce Driver,1996,1998,3,220,13,74,87,7,136,7,6,0,2,39,35,0,410,3.2,1550,,drivebr01
Jim Drummond,1945,1945,1,2,0,0,0,,0,0,0,0,0,0,0,0,,,,,drummji01
Chris Drury,2008,2011,4,264,62,89,151,-19,116,37,24,1,10,52,33,4,613,10.1,4920,18:38,drurych01
Christian Dubé,1997,1999,2,33,1,1,2,-4,4,0,1,0,0,0,1,0,14,7.1,16,2:39,dubech01
Brandon Dubinsky,2007,2012,6,393,81,132,213,24,457,61,14,6,15,103,24,5,861,9.4,6762,17:12,dubinbr01
Anthony Duclair,2015,2015,1,18,1,6,7,4,4,1,0,0,0,5,1,0,18,5.6,219,12:09,duclaan01
Dick Duff*,1964,1965,2,43,7,13,20,-18,22,4,3,0,0,10,2,1,87,8,,,duffdi01
Marc Dufour,1964,1965,2,12,1,0,1,-5,2,1,0,0,0,0,0,0,11,9.1,,,dufouma01
Ron Duguay,1978,1988,8,499,164,176,340,-26,370,125,29,10,11,133,41,2,1050,15.6,,,duguaro01
Duke Dukowski,1934,1934,1,29,0,6,6,,18,0,0,0,0,6,0,0,,,,,dukowdu01
Craig Duncanson,1993,1993,1,3,0,1,1,0,0,0,0,0,0,1,0,0,1,0,,,duncacr01
André Dupont,1971,1971,1,7,1,2,3,1,21,1,0,0,0,0,1,1,17,5.9,,,duponan01
Brodie Dupont,2011,2011,1,1,0,0,0,0,0,0,0,0,0,0,0,0,1,0,6,5:34,duponbr01
Pascal Dupuis,2007,2007,1,6,1,0,1,-4,0,1,0,0,0,0,0,0,10,10,93,15:30,dupuipa01
Benoît Dusablon,2004,2004,1,3,0,0,0,-1,2,0,0,0,0,0,0,0,3,0,25,8:19,dusabbe01
Radek Dvořák,2000,2003,4,256,65,99,164,-14,60,47,12,6,4,65,28,6,664,9.8,4668,18:14,dvorara01
Gordie Dwyer,2003,2003,1,17,0,1,1,-1,50,0,0,0,0,0,1,0,8,0,110,6:28,dwyergo01
Henry Dyck,1944,1944,1,1,0,0,0,,0,0,0,0,0,0,0,0,,,,,dyckhe01
Dallas Eakins,1997,1997,1,3,0,0,0,-1,6,0,0,0,0,0,0,0,2,0,,,eakinda01
Mike Eastwood,1997,1998,2,75,6,12,18,0,26,6,0,0,0,11,0,1,56,10.7,476,,eastwmi01
Frank Eddolls,1948,1952,5,260,18,34,52,,88,15,3,0,1,29,5,0,,,,,eddolfr01
Pat Egan,1950,1951,2,140,10,21,31,,120,3,7,0,0,14,7,0,,,,,eganpa01
Jack Egers,1970,1974,4,111,13,14,27,10,72,7,6,0,3,11,3,0,128,10.2,,,egersja01
Steve Eminger,2011,2013,3,142,4,10,14,4,58,4,0,0,1,7,2,1,64,6.3,2045,14:24,emingst01
Anders Eriksson,2010,2010,1,8,0,2,2,2,0,0,0,0,0,2,0,0,2,0,116,14:30,eriksan01
Jan Erixon,1984,1993,10,556,57,159,216,34,167,48,1,8,5,148,2,9,600,9.5,,,erixoja01
Tim Erixon,2012,2012,1,18,0,2,2,-2,8,0,0,0,0,2,0,0,9,0,234,13:00,erixoti01
Bob Errey,1998,1998,1,12,0,0,0,-5,7,0,0,0,0,0,0,0,11,0,149,,erreybo01
Phil Esposito*,1976,1981,6,422,184,220,404,-116,263,101,82,1,23,140,78,2,1373,13.4,,,esposph01
Emerson Etem,2016,2016,1,19,0,3,3,-4,2,0,0,0,0,3,0,0,23,0,210,11:05,etemem01
Jack Evans,1949,1958,9,408,15,38,53,,671,12,2,1,3,35,3,0,,,,,evansja01
Bill Ezinicki,1955,1955,1,16,2,2,4,,22,2,0,0,0,1,1,0,,,,,ezinibi01
Trevor Fahey,1965,1965,1,1,0,0,0,0,0,0,0,0,0,0,0,0,1,0,,,faheytr01
Bill Fairbairn,1969,1977,9,536,138,224,362,106,161,101,25,12,25,187,32,5,1102,12.5,,,fairbbi01
Justin Falk,2014,2014,1,21,0,2,2,-5,20,0,0,0,0,2,0,0,10,0,252,11:59,falkju01
Dave Farrish,1977,1979,3,217,6,41,47,-32,225,5,0,1,1,39,2,0,317,1.9,,,farrida01
Jesper Fast,2014,2020,7,422,55,92,147,12,116,53,0,2,6,89,1,2,434,12.7,6167,14:37,fastje01
Rico Fata,2002,2003,2,46,2,4,6,-3,6,2,0,0,0,3,1,0,38,5.3,347,7:33,fatari01
Glen Featherstone,1995,1995,1,6,1,0,1,0,18,1,0,0,0,0,0,0,6,16.7,,,feathgl01
Fedor Fedorov,2006,2006,1,3,0,0,0,0,6,0,0,0,0,0,0,0,2,0,29,9:49,fedorfe01
Ruslan Fedotenko,2011,2012,2,139,19,26,45,2,41,17,1,1,1,23,3,0,214,8.9,1982,14:16,fedotru01
Brent Fedyk,1999,1999,1,67,4,6,10,-11,30,3,0,1,0,5,0,1,47,8.5,743,11:06,fedykbr01
Tony Feltrin,1986,1986,1,10,0,0,0,-4,21,0,0,0,0,0,0,0,8,0,,,feltrto01
Paul Fenton,1987,1987,1,8,0,0,0,-5,2,0,0,0,0,0,0,0,11,0,,,fentopa01
Chris Ferraro,1996,1997,2,14,2,1,3,-2,6,1,1,0,0,0,1,0,27,7.4,,,ferrach01
Peter Ferraro,1996,1998,3,8,0,1,1,-7,2,0,0,0,0,0,1,0,12,0,14,,ferrape01
Ray Ferraro,1996,1996,1,65,25,29,54,13,82,17,8,0,4,20,9,0,160,15.6,,,ferrara01
Benn Ferriero,2013,2013,1,4,0,1,1,0,0,0,0,0,0,1,0,0,4,0,38,9:37,ferribe01
Jeff Finley,1998,1999,2,65,1,6,7,-4,55,1,0,0,0,5,1,0,32,3.1,979,489:15:00,finleje01
Peter Fiorentino,1992,1992,1,1,0,0,0,0,0,0,0,0,0,0,0,0,2,0,,,fiorepe01
Dunc Fisher,1949,1951,3,142,21,37,58,,82,15,6,0,1,27,9,1,,,,,fishedu01
Sandy Fitzpatrick,1965,1965,1,4,0,0,0,0,2,0,0,0,0,0,0,0,1,0,,,fitzpsa01
Patrick Flatley,1997,1997,1,68,10,12,22,6,26,10,0,0,2,11,1,0,96,10.4,,,flatlpa01
Reggie Fleming,1966,1969,4,241,50,49,99,-25,540,41,8,1,4,46,3,0,461,10.8,,,flemire01
Theo Fleury,2000,2002,3,224,69,132,201,-4,406,46,16,7,9,76,54,2,751,9.2,4632,20:41,fleurth01
Steven Fogarty,2018,2020,3,18,0,0,0,-2,2,0,0,0,0,0,0,0,12,0,131,7:17,fogarst01
Gerry Foley,1957,1958,2,137,9,14,23,,87,8,1,0,1,13,1,0,,,,,foleyge01
Val Fonteyne,1964,1965,2,96,7,19,26,-14,6,4,1,2,1,17,1,1,117,6,,,fonteva01
Lou Fontinato,1955,1961,7,419,22,57,79,-6,940,18,4,0,2,51,4,2,140,2.9,,,fontilo01
Colin Forbes,2001,2001,1,19,1,4,5,-3,15,1,0,0,0,4,0,0,20,5,149,7:52,forbeco01
Herb Foster,1941,1948,2,6,1,0,1,,0,1,0,0,0,0,0,0,,,,,fostehe01
Yip Foster,1930,1930,1,31,0,0,0,,16,,,,0,,,,,,,,fosteyi01
Nick Fotiu,1977,1985,8,455,41,62,103,-42,970,39,2,0,6,62,0,0,381,10.8,,,fotiuni01
Adam Fox,2020,2024,5,295,39,207,246,88,112,30,7,2,13,102,100,5,559,7,6757,22:54,foxad01
Archie Fraser,1944,1944,1,3,0,1,1,,0,0,0,0,0,1,0,0,,,,,frasear01
Scott Fraser,1999,1999,1,28,2,4,6,-12,14,1,1,0,0,3,1,0,35,5.7,283,10:06,frasesc01
Dan Fritsche,2009,2009,1,16,1,3,4,-2,2,1,0,0,0,3,0,0,20,5,153,9:33,fritsda01
Alex Frolov,2011,2011,1,43,7,9,16,4,8,7,0,0,2,8,1,0,78,9,620,14:26,froloal01
Robbie Ftorek,1982,1985,4,170,32,55,87,13,122,28,3,1,4,51,3,1,174,18.4,,,ftorero01
Marián Gáborík,2010,2013,4,255,114,115,229,30,97,81,32,1,19,76,38,1,853,13.4,4990,19:34,gaborma01
Bill Gadsby*,1955,1961,7,457,58,212,270,-51,411,34,21,3,5,111,96,5,207,8.7,,,gadsbbi01
Dave Gagner,1985,1987,3,80,11,16,27,-16,47,10,0,1,0,16,0,0,109,10.1,,,gagneda01
Dutch Gainor,1932,1932,1,46,3,9,12,,9,,,,0,,,,,,,,gainodu01
Maxim Galanov,1998,1998,1,6,0,1,1,1,2,0,0,0,0,1,0,0,5,0,123,,galanma01
Cal Gardner,1946,1948,3,126,28,36,64,,103,22,6,0,5,25,11,0,,,,,gardnca01
Red Garrett,1943,1943,1,23,1,1,2,,18,1,0,0,1,1,0,0,,,,,garrere01
Mike Gartner*,1990,1994,5,322,173,113,286,13,231,101,66,6,20,78,34,1,1164,14.9,,,gartnmi01
Fern Gauthier,1944,1944,1,33,14,11,25,,0,13,1,0,0,11,0,0,,,,,gauthfe01
Julien Gauthier,2020,2023,4,131,11,15,26,-21,28,11,0,0,1,15,0,0,152,7.2,1232,9:24,gauthju01
Jean-Guy Gendron,1956,1962,4,272,38,41,79,-22,213,31,6,1,8,30,10,1,119,11.8,,,gendrje01
Bernie Geoffrion*,1967,1968,2,117,22,41,63,-1,53,13,9,0,2,21,20,0,239,9.2,,,geoffbe01
Ken Gernander,1996,2004,2,12,2,3,5,-4,6,0,2,0,0,2,1,0,10,20,13,6:38,gernake01
Timothy Gettinger,2019,2022,4,16,0,1,1,-1,0,0,0,0,0,1,0,0,10,0,146,9:07,gettiti01
Greg Gilbert,1994,1994,1,76,4,11,15,-3,29,3,1,0,0,11,0,0,64,6.3,,,gilbegr01
Rod Gilbert*,1961,1978,18,1065,406,615,1021,38,510,298,108,0,52,400,215,0,3142,12.9,,,gilbero01
Curt Giles,1987,1988,2,74,2,17,19,0,60,2,0,0,0,15,2,0,64,3.1,,,gilescu01
Randy Gilhen,1992,1993,2,73,10,9,19,-3,22,9,0,1,1,9,0,0,101,9.9,,,gilhera01
Jere Gillis,1981,1982,2,61,13,19,32,4,20,12,1,0,2,18,1,0,104,12.5,,,gillije01
John Gilmour,2018,2019,2,33,2,3,5,-14,18,1,1,0,1,3,0,0,70,2.9,561,17:01,gilmojo01
Matt Gilroy,2010,2013,3,142,7,19,26,2,43,7,0,0,2,15,4,0,171,4.1,2091,14:44,gilroma01
Dan Girardi,2007,2017,11,788,46,184,230,54,275,31,13,2,12,140,34,10,1067,4.3,17531,22:15,girarda01
Alexandre Giroux,2006,2006,1,1,0,0,0,-1,0,0,0,0,0,0,0,0,0,,3,2:50,giroual01
Tanner Glass,2015,2017,3,134,6,9,15,-15,181,6,0,0,0,9,0,0,110,5.5,1382,10:19,glassta01
Howie Glover,1964,1964,1,25,1,0,1,-4,9,1,0,0,0,0,0,0,30,3.3,,,gloveho01
Pete Goegan,1962,1962,1,7,0,2,2,3,6,0,0,0,0,2,0,0,7,0,,,goegape01
Bill Goldsworthy,1977,1978,2,68,10,13,23,-16,55,10,0,0,2,12,1,0,103,9.7,,,goldsbi01
Leroy Goldsworthy,1930,1930,1,44,4,1,5,,16,,,,0,,,,,,,,goldsle01
Hank Goldup,1943,1946,3,102,34,46,80,,69,29,5,0,4,38,8,0,,,,,golduha01
Scott Gomez,2008,2009,2,158,32,96,128,1,96,21,10,1,10,59,36,1,513,6.2,3233,20:28,gomezsc01
Daniel Goneau,1997,2000,3,53,12,3,15,-10,14,9,3,0,3,2,1,0,60,20,138,138:14:00,goneada01
Bill Gooden,1943,1944,2,53,9,12,21,,15,7,2,0,0,12,0,0,,,,,goodebi01
Barclay Goodrow,2022,2024,3,174,24,41,65,16,146,22,1,1,4,36,1,4,209,11.5,2627,15:06,goodrba01
Jack Gordon,1949,1951,3,36,3,10,13,,0,3,0,0,0,10,0,0,,,,,gordoja01
Benoit Gosselin,1978,1978,1,7,0,0,0,-3,33,0,0,0,0,0,0,0,4,0,,,gossebe01
Phil Goyette,1964,1972,7,396,98,231,329,18,49,75,23,0,17,161,70,0,911,10.8,,,goyetph01
Michael Grabner,2017,2018,2,135,52,19,71,33,22,50,0,2,5,16,1,2,293,17.7,1949,14:26,grabnmi01
Evgeny Grachev,2011,2011,1,8,0,0,0,-3,0,0,0,0,0,0,0,0,3,0,62,7:42,grachev01
Tony Granato,1989,1990,2,115,43,45,88,18,217,34,5,4,3,32,10,3,313,13.7,,,granato01
Norm Gratton,1972,1972,1,3,0,1,1,1,0,0,0,0,0,1,0,0,2,0,,,grattno01
Adam Graves,1992,2001,10,772,280,227,507,6,810,164,100,16,36,151,65,11,2309,12.1,5860,24:19:00,gravead01
Alex Gray,1928,1928,1,43,7,1,8,,28,,,,0,,,,,,,,grayal01
Anthony Greco,2022,2022,1,1,0,0,0,0,0,0,0,0,0,0,0,0,5,0,10,9:44,grecoan01
Josh Green,2003,2004,2,18,3,2,5,-1,10,3,0,0,1,2,0,0,32,9.4,236,13:08,greenjo01
Mike Green,2004,2004,1,13,1,2,3,0,2,1,0,0,0,2,0,0,13,7.7,129,9:53,greenmi02
Ron Greschner,1975,1990,16,981,179,431,610,-84,1226,122,51,6,18,255,171,5,1877,9.5,,,grescro01
Wayne Gretzky*,1997,1999,3,234,57,192,249,-22,70,42,15,0,9,115,76,1,619,9.2,3232,46:10:00,gretzwa01
Jari Grönstrand,1988,1988,1,62,3,11,14,8,63,2,1,0,0,9,2,0,65,4.6,,,gronsja01
Michal Grošek,2001,2002,2,80,12,13,25,-13,73,10,2,0,0,10,3,0,107,11.2,907,11:20,grosemi01
Jocelyn Guevremont,1980,1980,1,20,2,5,7,-13,6,0,2,0,0,2,3,0,41,4.9,,,guevrjo01
Aldo Guidolin,1953,1956,4,182,9,15,24,,117,6,1,2,1,12,3,0,,,,,guidoal01
Alexei Gusarov,2001,2001,1,26,1,3,4,-2,6,1,0,0,0,2,1,0,21,4.8,508,19:33,gusaral01
Erik Gustafsson,2024,2024,1,14,3,7,10,7,6,3,0,0,0,5,2,0,22,13.6,264,18:50,gustaer02
Vic Hadfield,1962,1974,13,841,262,310,572,16,1041,179,83,0,40,228,82,0,2414,10.9,,,hadfivi01
Carl Hagelin,2012,2015,4,266,58,72,130,57,132,53,2,3,12,71,0,1,592,9.8,4160,15:38,hagelca01
Libor Hájek,2019,2023,5,110,4,8,12,-9,40,4,0,0,1,8,0,0,91,4.4,1637,14:53,hajekli01
Micheal Haley,2013,2020,2,31,1,0,1,-8,62,1,0,0,0,0,0,0,13,7.7,181,5:51,haleymi01
Adam Hall,2007,2007,1,49,4,8,12,-13,18,1,3,0,0,4,3,1,61,6.6,610,12:27,hallad01
Wayne Hall,1961,1961,1,4,0,0,0,-1,0,0,0,0,0,0,0,0,4,0,,,hallwa01
Jeff Halpern,2013,2013,1,30,0,1,1,-5,8,0,0,0,0,1,0,0,13,0,275,9:10,halpeje01
Al Hamilton,1966,1970,4,81,0,5,5,-8,62,0,0,0,0,5,0,0,53,0,,,hamilal01
Ken Hammond,1989,1989,1,3,0,0,0,-3,0,0,0,0,0,0,0,0,2,0,,,hammoke01
Ted Hampson,1961,1963,3,184,14,40,54,-27,16,12,0,2,0,37,2,1,214,6.5,,,hampste01
Roman Hamrlík,2013,2013,1,12,0,0,0,-3,6,0,0,0,0,0,0,0,5,0,121,10:06,hamrlro01
John Hanna,1959,1961,3,177,6,26,32,-12,204,6,0,0,0,24,1,1,122,4.1,,,hannajo01
Pat Hannigan,1961,1962,2,109,19,23,42,8,58,18,1,0,1,20,2,1,129,14.7,,,hannipa01
Mark Hardy,1988,1993,6,284,7,52,59,25,409,7,0,0,1,45,5,2,266,2.6,,,hardyma01
Ben Harpur,2023,2023,1,42,1,5,6,0,20,1,0,0,0,5,0,0,34,2.9,591,14:04,harpube01
Ron Harris,1973,1976,4,147,6,30,36,-1,64,5,1,0,0,28,2,0,188,3.2,,,harriro01
Ed Harrison,1951,1951,1,5,1,0,1,,0,0,1,0,0,0,0,0,,,,,harried01
Mike Hartman,1993,1995,3,39,1,1,2,-5,80,1,0,0,0,1,0,0,22,4.5,,,hartmmi01
Doug Harvey*,1962,1964,3,151,10,61,71,-17,144,5,3,2,4,38,22,1,154,6.5,,,harvedo01
Todd Harvey,1999,2000,2,68,14,20,34,-10,134,8,6,0,2,12,8,0,89,15.7,1024,15:03,harveto01
Kevin Hatcher,2000,2000,1,74,4,19,23,-10,38,2,2,0,0,10,9,0,112,3.6,1568,21:11,hatchke01
Gord Haworth,1953,1953,1,2,0,1,1,,0,0,0,0,0,1,0,0,,,,,haworgo01
Kevin Hayes,2015,2019,5,361,87,129,216,31,98,67,14,6,13,99,23,7,678,12.8,5679,15:44,hayeske01
Paul Healey,2004,2004,1,4,0,0,0,0,0,0,0,0,0,0,0,0,0,,19,4:50,healepa01
Mark Heaslip,1977,1978,2,48,6,10,16,0,65,6,0,0,0,7,1,2,41,14.6,,,heaslma01
Randy Heath,1985,1986,2,13,2,4,6,0,15,1,1,0,0,4,0,0,19,10.5,,,heathra01
Andy Hebenton,1956,1963,8,560,177,191,368,-88,80,110,63,4,17,135,53,3,697,11.2,,,hebenan01
Anders Hedberg,1979,1985,7,465,172,225,397,53,144,132,39,1,21,146,75,4,1220,14.1,,,hedbean01
Ilkka Heikkinen,2010,2010,1,7,0,0,0,2,0,0,0,0,0,0,0,0,4,0,62,8:52,heikkil01
Bill Heindl,1973,1973,1,4,1,0,1,1,0,1,0,0,0,0,0,0,6,16.7,,,heindbi01
Barrett Heisten,2002,2002,1,10,0,0,0,-4,2,0,0,0,0,0,0,0,7,0,76,7:36,heistba01
Ott Heller,1932,1946,15,649,54,176,230,,467,42,2,3,12,145,16,6,,,,,helleot01
Raimo Helminen,1986,1987,2,87,12,34,46,-8,12,7,5,0,2,16,18,0,149,8.1,,,helmira01
Camille Henry,1954,1968,12,637,256,222,478,-46,72,140,116,0,32,128,94,0,746,21.2,,,henryca01
Wally Hergesheimer,1952,1959,6,310,112,77,189,,94,90,22,0,19,57,19,1,,,,,hergewa01
Obs Heximer,1930,1930,1,19,1,0,1,,4,,,,0,,,,,,,,heximob01
Bryan Hextall*,1937,1948,11,449,187,180,367,,227,160,22,5,25,149,25,6,,,,,hextabr01
Bryan Hextall,1963,1963,1,21,0,2,2,-4,8,0,0,0,0,2,0,0,18,0,,,hextabr02
Dennis Hextall,1969,1969,1,13,1,4,5,0,25,1,0,0,0,4,0,0,16,6.3,,,hextade01
Bill Hicke,1965,1967,3,137,18,33,51,-48,58,14,4,0,2,28,5,0,196,9.2,,,hickebi01
Greg Hickey,1978,1978,1,1,0,0,0,-1,0,0,0,0,0,0,0,0,2,0,,,hickegr01
Pat Hickey,1976,1982,6,370,128,129,257,-66,216,101,25,2,9,90,37,2,772,16.6,,,hickepa01
Chris Higgins,2010,2010,1,55,6,8,14,-9,32,6,0,0,1,7,1,0,137,4.4,985,17:55,higgich01
Ike Hildebrand,1954,1954,1,32,6,10,16,,12,6,0,0,1,10,0,0,,,,,hildeik01
Dutch Hiller,1938,1944,5,198,49,69,118,,116,41,7,1,4,66,2,1,,,,,hilledu01
Jim Hiller,1994,1994,1,2,0,0,0,1,7,0,0,0,0,0,0,0,0,,,,hilleji01
Wayne Hillman,1965,1968,4,219,6,41,47,-38,185,6,0,0,2,34,5,2,184,3.3,,,hillmwa01
Jan Hlaváč,2000,2004,3,218,52,80,132,-2,52,39,13,0,8,60,20,0,454,11.5,3329,15:16,hlavaja01
Ken Hodge,1977,1978,2,96,23,45,68,-26,51,16,7,0,6,31,14,0,154,14.9,,,hodgeke01
Nick Holden,2017,2018,2,135,14,32,46,10,49,11,3,0,2,30,1,1,138,10.1,2693,19:57,holdeni01
Bobby Holík,2003,2004,2,146,41,50,91,3,148,30,11,0,6,40,10,0,438,9.4,2681,18:22,holikbo01
Jerry Holland,1975,1976,2,37,8,4,12,-4,6,6,2,0,1,3,1,0,51,15.7,,,hollaje01
Peter Holland,2018,2018,1,23,1,3,4,-10,7,1,0,0,0,2,0,1,30,3.3,285,12:24,hollape01
Ryan Hollweg,2006,2008,3,200,5,7,12,-26,311,5,0,0,0,7,0,0,154,3.2,1600,8:00,hollwry01
Greg Holst,1976,1978,3,11,0,0,0,-6,0,0,0,0,0,0,0,0,9,0,,,holstgr01
Miloslav Hořava,1989,1991,3,80,5,17,22,10,38,4,1,0,1,9,8,0,84,6,,,horavmi01
Tim Horton*,1970,1971,2,93,3,23,26,20,73,1,2,0,1,14,8,1,165,1.8,,,hortoti01
Bronco Horvath,1956,1963,3,114,20,34,54,-10,76,13,7,0,4,24,10,0,90,7.8,,,horvabr01
Ed Hospodar,1980,1982,3,122,8,23,31,0,442,8,0,0,0,21,2,0,87,9.2,,,hospoed01
Marcel Hossa,2006,2008,3,164,21,21,42,-2,78,15,6,0,2,17,3,1,242,8.7,2011,12:16,hossama02
Brett Howden,2019,2021,3,178,16,33,49,-29,53,15,1,0,3,27,3,3,171,9.4,2433,13:40,howdebr01
Vic Howe,1951,1955,3,33,3,4,7,,10,3,0,0,0,4,0,0,,,,,howevi01
Harry Howell*,1953,1969,17,1160,82,263,345,-77,1147,69,12,1,12,181,78,4,1701,3.4,,,howelha01
Ron Howell,1955,1956,2,3,0,0,0,,0,0,0,0,0,0,0,0,,,,,howelro01
Marek Hrivík,2016,2017,2,21,0,3,3,0,2,0,0,0,0,2,1,0,18,0,220,10:29,hrivima01
Willie Huber,1984,1988,5,238,28,58,86,-59,282,17,9,2,3,39,16,3,426,6.6,,,huberwi01
Mike Hudson,1994,1994,1,48,4,7,11,-5,47,4,0,0,1,7,0,0,48,8.3,,,hudsomi01
Jody Hull,1991,1992,2,50,5,8,13,-2,12,5,0,0,0,8,0,0,61,8.2,,,hulljo01
Dryden Hunt,2022,2023,2,79,7,11,18,-11,54,7,0,0,2,11,0,0,96,7.3,960,12:09,huntdr01
Fred Hunt,1945,1945,1,44,13,9,22,,6,13,0,0,0,7,2,0,,,,,huntfr01
Matt Hunwick,2015,2015,1,55,2,9,11,17,16,2,0,0,1,7,2,0,72,2.8,870,15:49,hunwima01
Larry Huras,1977,1977,1,2,0,0,0,-1,0,0,0,0,0,0,0,0,0,,,,hurasla01
Mike Hurlbut,1993,1993,1,23,1,8,9,4,16,0,1,0,0,5,3,0,26,3.8,,,hurlbmi01
Ron Hutchinson,1961,1961,1,9,0,0,0,-2,0,0,0,0,0,0,0,0,13,0,,,hutchro01
Jarkko Immonen,2006,2007,2,20,3,5,8,-3,4,2,1,0,1,3,2,0,22,13.6,207,10:20,immonja01
Earl Ingarfield,1959,1967,9,527,122,142,264,-117,187,102,16,4,19,119,23,0,1048,11.5,,,ingarea01
Ron Ingram,1964,1965,2,19,1,3,4,-10,10,1,0,0,0,3,0,0,16,6.3,,,ingraro01
Ted Irvine,1970,1975,6,378,86,91,177,12,438,77,9,0,16,84,6,1,751,11.5,,,irvinte01
Ivan Irwin,1954,1958,4,151,2,26,28,,214,2,0,0,1,26,0,0,,,,,irwiniv01
Brad Isbister,2007,2007,1,19,1,4,5,5,14,0,1,0,0,4,0,0,36,2.8,259,13:36,isbisbr01
Don Jackson,1987,1987,1,22,1,0,1,-2,91,1,0,0,0,0,0,0,4,25,,,jacksdo02
Jeff Jackson,1987,1987,1,9,5,1,6,-3,15,3,2,0,1,1,0,0,16,31.3,,,jacksje01
Jaromír Jágr,2004,2008,4,277,124,195,319,67,220,82,42,0,21,107,88,0,1039,11.9,5916,21:21,jagrja01
Jim Jamieson,1944,1944,1,1,0,1,1,,0,0,0,0,0,1,0,0,,,,,jamieji01
Mark Janssens,1988,1992,5,157,14,15,29,-32,338,14,0,0,1,14,1,0,110,12.7,,,janssma01
Doug Jarrett,1976,1977,2,54,0,4,4,-32,23,0,0,0,0,4,0,0,48,0,,,jarredo01
Pierre Jarry,1972,1972,1,34,3,3,6,3,20,3,0,0,0,2,1,0,32,9.4,,,jarrypi01
Larry Jeffrey,1968,1969,2,122,3,10,13,-13,27,3,0,0,0,7,1,2,79,3.8,,,jeffrla01
Chris Jensen,1986,1988,3,52,7,11,18,-1,23,6,0,1,3,10,1,0,99,7.1,,,jensech01
Nicklas Jensen,2017,2017,1,7,0,0,0,-2,0,0,0,0,0,0,0,0,8,0,65,9:13,jenseni01
Joe Jerwa,1931,1931,1,33,4,7,11,,72,,,,1,,,,,,,,jerwajo01
Andreas Johansson,2002,2002,1,70,14,10,24,6,46,11,3,0,1,8,1,1,108,13,1142,16:19,johanan01
Don Johns,1961,1965,4,148,2,21,23,-13,68,1,0,1,0,21,0,0,110,1.8,,,johnsdo01
Ching Johnson*,1927,1937,11,405,38,48,86,,826,7,1,1,10,8,2,2,,,,,johnsch01
Jack Johnson,2021,2021,1,13,1,0,1,-5,8,1,0,0,0,0,0,0,13,7.7,221,16:58,johnsja02
Jim Johnson,1965,1967,3,8,1,0,1,-2,0,1,0,0,0,0,0,0,7,14.3,,,johnsji01
Kim Johnsson,2000,2001,2,151,11,36,47,-16,86,6,5,0,1,27,8,1,205,5.4,2971,19:40,johnski01
Eddie Johnstone,1976,1983,7,371,109,125,234,4,319,92,12,5,12,99,19,7,662,16.5,,,johnsed02
Olli Jokinen,2010,2010,1,26,4,11,15,1,22,3,1,0,1,6,5,0,74,5.4,429,16:29,jokinol01
Bob Jones,1969,1969,1,2,0,0,0,0,0,0,0,0,0,0,0,0,2,0,,,jonesbo01
Zachary Jones,2021,2024,4,43,1,8,9,-14,6,1,0,0,1,7,1,0,43,2.3,646,15:01,jonesza01
Josh Jooris,2017,2017,1,12,1,1,2,1,6,1,0,0,0,1,0,0,11,9.1,103,8:36,joorijo01
Bing Juckes,1948,1950,2,16,2,1,3,,6,1,1,0,1,1,0,0,,,,,juckebi01
Bill Juzda,1941,1948,5,187,11,25,36,,178,10,1,0,2,20,5,0,,,,,juzdabi01
Bob Kabel,1960,1961,2,47,5,13,18,0,32,5,0,0,1,13,0,0,57,8.8,,,kabelbo01
Kaapo Kakko,2020,2024,5,253,45,55,100,0,44,40,5,0,8,39,16,0,394,11.4,3761,14:52,kakkoka01
Alex Kaleta,1949,1951,3,181,32,37,69,,84,28,4,0,5,24,13,0,,,,,kaletal01
Dmitri Kalinin,2009,2009,1,58,1,12,13,-7,26,1,0,0,0,12,0,0,51,2,987,17:01,kalindm01
Valeri Kamensky,2000,2001,2,123,27,39,66,-31,60,18,9,0,2,30,9,0,217,12.4,1863,15:09,kamenva01
Steven Kampfer,2017,2018,2,32,1,2,3,-8,22,1,0,0,0,2,0,0,41,2.4,509,15:54,kampfst01
Patrick Kane,2023,2023,1,19,5,7,12,1,6,3,2,0,1,5,2,0,45,11.1,332,17:29,kanepa01
Sheldon Kannegiesser,1973,1974,2,15,1,4,5,6,10,1,0,0,0,3,0,1,8,12.5,,,kannesh01
Dave Karpa,2002,2003,2,94,1,12,13,-10,145,1,0,0,1,11,0,1,66,1.5,1544,16:26,karpada01
Alexander Karpovtsev,1994,1999,6,280,22,75,97,21,211,11,10,1,4,43,30,2,365,6,1042,521:06:00,karpoal01
Darius Kasparaitis,2003,2007,4,215,6,28,34,22,260,6,0,0,1,26,2,0,170,3.5,3759,17:29,kaspada01
Mike Keane,1998,1998,1,70,8,10,18,-12,47,6,2,0,0,8,2,0,113,7.1,1284,,keanemi01
Mike Keating,1978,1978,1,1,0,0,0,-1,0,0,0,0,0,0,0,0,2,0,,,keatimi01
Butch Keeling,1929,1938,10,452,136,55,191,,260,65,8,0,27,26,1,0,,,,,keelibu01
Ralph Keller,1963,1963,1,3,1,0,1,0,6,1,0,0,0,0,0,0,5,20,,,kellera01
Chris Kenady,2000,2000,1,2,0,0,0,-1,0,0,0,0,0,0,0,0,1,0,15,7:27,kenadch01
Dean Kennedy,1989,1989,1,16,0,1,1,-1,40,0,0,0,0,1,0,0,7,0,,,kennede01
Ernest Kenny,1931,1931,1,6,0,0,0,,0,,,,0,,,,,,,,kennyer01
Tim Kerr,1992,1992,1,32,7,11,18,-5,12,2,5,0,2,8,3,0,56,12.5,,,kerrti01
Kris King,1990,1993,4,249,27,33,60,13,731,27,0,0,2,33,0,0,276,9.8,,,kingkr01
Steven King,1993,1993,1,24,7,5,12,4,16,2,5,0,2,3,2,0,42,16.7,,,kingst01
Bobby Kirk,1938,1938,1,39,4,8,12,,14,2,2,0,0,7,1,0,,,,,kirkbo01
Bob Kirkpatrick,1943,1943,1,49,12,12,24,,6,11,1,0,0,9,3,0,,,,,kirkpbo01
Kelly Kisio,1987,1991,5,336,110,195,305,30,415,75,29,6,9,136,57,2,611,18,,,kisioke01
Kevin Klein,2014,2017,4,224,22,50,72,49,75,22,0,0,8,47,2,1,223,9.9,4117,18:23,kleinke01
Scot Kleinendorst,1983,1984,2,53,2,11,13,-2,43,1,1,0,0,7,4,0,29,6.9,,,kleinsc01
Tomáš Klouček,2001,2002,2,95,2,7,9,-5,211,2,0,0,0,6,0,1,43,4.7,1341,14:07,kloucto01
Mike Knuble,1999,2000,2,141,24,25,49,-12,44,20,4,0,2,19,6,0,163,14.7,1846,13:06,knublmi01
Joe Kocur,1991,1996,6,278,14,15,29,-31,537,12,2,0,2,14,1,0,208,6.7,,,kocurjo01
Chad Kolarik,2011,2011,1,4,0,1,1,-1,2,0,0,0,0,1,0,0,4,0,37,9:08,kolarch01
Maxim Kondratiev,2006,2006,1,29,1,2,3,-2,22,0,1,0,0,2,0,0,16,6.3,472,16:17,kondrma01
Chris Kontos,1983,1985,3,78,12,16,28,-12,65,11,1,0,0,15,1,0,115,10.4,,,kontoch01
Mike Korney,1979,1979,1,18,0,1,1,4,18,0,0,0,0,1,0,0,20,0,,,kornemi01
Lauri Korpikoski,2009,2009,1,68,6,8,14,-10,14,6,0,0,1,8,0,0,63,9.5,742,10:55,korpila01
Mike Kostka,2015,2015,1,7,0,1,1,1,0,0,0,0,0,1,0,0,7,0,108,15:23,kostkmi01
Aleš Kotalík,2010,2010,1,45,8,14,22,-18,38,4,4,0,3,2,12,0,100,8,627,13:56,kotalal01
Dick Kotanen,1951,1951,1,1,0,0,0,,0,0,0,0,0,0,0,0,,,,,kotandi01
Chris Kotsopoulos,1981,1981,1,54,4,12,16,-10,153,4,0,0,0,8,4,0,104,3.8,,,kotsoch01
Alex Kovalev,1993,2004,9,492,142,188,330,-13,533,105,35,2,20,129,58,1,1182,12,3312,31:51:00,kovalal01
Stephen Kraftcheck,1952,1953,2,127,10,18,28,,75,5,5,0,0,12,6,0,,,,,kraftst01
Vitali Kravtsov,2021,2023,2,48,5,5,10,0,10,5,0,0,0,4,1,0,49,10.2,568,11:50,kravtvi01
Chris Kreider,2013,2024,12,747,275,216,491,111,531,169,98,8,39,163,53,0,1799,15.3,12534,16:47,kreidch01
Jason Krog,2007,2007,1,9,2,0,2,2,4,2,0,0,1,0,0,0,8,25,90,9:58,krogja01
Joe Krol,1937,1939,2,2,1,1,2,,0,1,0,0,0,1,0,0,,,,,kroljo01
Jim Krulicki,1971,1971,1,27,0,2,2,-2,6,0,0,0,0,0,1,1,14,0,,,kruliji01
Aggie Kukulowicz,1953,1954,2,4,1,0,1,,0,0,1,0,0,0,0,0,,,,,kukulag01
Stu Kulak,1987,1987,1,3,0,0,0,-1,0,0,0,0,0,0,0,0,2,0,,,kulakst01
Eddie Kullman,1948,1954,6,343,56,70,126,,300,52,4,0,4,66,4,0,,,,,kullmed01
Alan Kuntz,1942,1946,2,45,10,12,22,,12,9,1,0,2,12,0,0,,,,,kuntzal01
Jari Kurri*,1996,1996,1,14,1,4,5,-4,2,1,0,0,0,3,1,0,27,3.7,,,kurrija01
Orland Kurtenbach,1961,1970,5,199,30,61,91,6,191,21,8,1,5,55,3,3,442,6.8,,,kurteor01
Larry Kwong,1948,1948,1,1,0,0,0,,0,0,0,0,0,0,0,0,,,,,kwongla01
Bill Kyle,1950,1951,2,3,0,3,3,,0,0,0,0,0,3,0,0,,,,,kylebi01
Gus Kyle,1950,1951,2,134,5,8,13,,235,5,0,0,1,8,0,0,,,,,kylegu01
Nick Kypreos,1994,1996,3,128,7,12,19,-7,272,7,0,0,2,12,0,0,80,8.8,,,kypreni01
Mike Labadie,1953,1953,1,3,0,0,0,,0,0,0,0,0,0,0,0,,,,,labadmi01
Gord Labossiere,1964,1965,2,16,0,0,0,-7,8,0,0,0,0,0,0,0,23,0,,,labosgo01
Max Labovitch,1944,1944,1,5,0,0,0,,4,0,0,0,0,0,0,0,,,,,labovma01
Guy Labrie,1945,1945,1,27,2,2,4,,14,2,0,0,0,2,0,0,,,,,labrigu01
Dan LaCouture,2003,2004,2,83,6,6,12,-9,82,5,1,0,1,6,0,0,56,10.7,807,9:43,lacouda01
Daniel Lacroix,1994,1996,3,30,2,2,4,-1,30,2,0,0,0,2,0,0,14,14.3,,,lacroda01
Eric Lacroix,1999,2001,3,146,8,12,20,-23,67,8,0,0,2,11,1,0,85,9.4,1115,7:38,lacroer01
Nathan LaFayette,1995,1996,2,17,0,0,0,0,2,0,0,0,0,0,0,0,10,0,,,lafayna01
Guy Lafleur*,1989,1989,1,67,18,27,45,1,12,12,6,0,2,17,10,0,122,14.8,,,laflegu01
Pat LaFontaine*,1998,1998,1,67,23,39,62,-16,36,12,11,0,2,21,18,0,160,14.4,1208,,lafonpa01
Alexis Lafrenière,2021,2024,4,230,54,48,102,8,80,50,4,0,11,44,4,0,336,16.1,3347,14:33,lafreal01
Jason Lafreniere,1989,1989,1,38,8,16,24,-3,6,5,3,0,0,10,6,0,42,19,,,lafreja01
Tom Laidlaw,1981,1987,7,510,20,99,119,-42,561,17,2,1,2,87,5,7,392,5.1,,,laidlto01
Lane Lambert,1987,1987,1,18,2,2,4,2,33,2,0,0,1,2,0,0,14,14.3,,,lambela01
Jean-Paul Lamirande,1947,1950,3,48,5,5,10,,26,5,0,0,0,4,1,0,,,,,lamirje01
Bryce Lampman,2004,2007,3,10,0,0,0,-5,2,0,0,0,0,0,0,0,8,0,182,18:14,lampmbr01
Jack Lancien,1947,1951,3,63,1,5,6,,35,1,0,0,1,5,0,0,,,,,lancija01
Myles Lane,1929,1929,1,24,1,0,1,,32,,,,0,,,,,,,,lanemy01
Darren Langdon,1995,2000,6,277,14,15,29,-4,735,14,0,0,2,15,0,0,95,14.7,625,9:37,langdda01
Albert Langlois,1962,1964,3,173,13,34,47,-22,184,10,3,0,2,28,5,1,232,5.6,,,langlal01
Ian Laperrière,1996,1996,1,28,1,2,3,-5,53,1,0,0,0,2,0,0,21,4.8,,,laperia01
Edgar Laprade*,1946,1955,10,500,108,172,280,,42,92,13,3,18,147,23,2,,,,,lapraed01
Steve Larmer,1994,1995,2,115,35,54,89,22,57,21,9,5,11,33,19,2,262,13.4,,,larmest01
Claude Larose,1980,1980,1,25,4,7,11,-4,2,4,0,0,0,4,3,0,50,8,,,laroscl02
Cory Larose,2004,2004,1,7,0,1,1,-2,4,0,0,0,0,1,0,0,10,0,80,11:27,larosco01
Pierre Larouche,1984,1988,5,253,123,120,243,-49,59,82,41,0,12,81,38,1,724,17,,,laroupi01
Steve Larouche,1996,1996,1,1,0,0,0,0,0,0,0,0,0,0,0,0,1,0,,,laroust01
Norm Larson,1947,1947,1,1,0,0,0,,0,0,0,0,0,0,0,0,,,,,larsono01
James Latos,1989,1989,1,1,0,0,0,-1,0,0,0,0,0,0,0,0,0,,,,latosja01
Phil Latreille,1961,1961,1,4,0,0,0,-2,2,0,0,0,0,0,0,0,3,0,,,latreph01
Peter Laviolette,1989,1989,1,12,0,0,0,2,6,0,0,0,0,0,0,0,2,0,,,laviope01
Brian Lawton,1989,1989,1,30,7,10,17,-2,39,4,3,0,0,8,2,0,58,12.1,,,lawtobr01
Hal Laycoe,1946,1947,2,75,1,14,15,,31,1,0,0,0,9,4,1,,,,,laycoha01
Jim Leavins,1987,1987,1,4,0,1,1,0,4,0,0,0,0,1,0,0,4,0,,,leaviji01
Al LeBrun,1961,1966,2,6,0,2,2,1,4,0,0,0,0,2,0,0,5,0,,,lebrual01
Albert Leduc,1934,1934,1,7,0,0,0,,6,0,0,0,0,0,0,0,,,,,leducal01
Grant Ledyard,1985,1986,2,69,10,21,31,3,73,9,1,0,1,9,12,0,148,6.8,,,ledyagr01
Brian Leetch*,1988,2004,17,1129,240,741,981,24,525,126,106,8,37,320,408,13,3469,6.9,12531,31:01:00,leetcbr01
Sylvain Lefebvre,2000,2003,4,229,4,30,34,-20,131,4,0,0,0,24,1,5,140,2.9,4031,17:36,lefebsy01
Roger Leger,1944,1944,1,7,1,2,3,,2,1,0,0,0,0,2,0,,,,,legerro01
Randy Legge,1973,1973,1,12,0,2,2,0,2,0,0,0,0,2,0,0,10,0,,,leggera01
Mikko Leinonen,1982,1984,3,159,31,77,108,18,69,26,5,0,4,45,30,2,241,12.9,,,leinomi01
Brendan Lemieux,2019,2021,3,109,11,20,31,-18,214,8,2,1,1,16,3,1,147,7.5,1320,12:07,lemiebr01
Real Lemieux,1970,1974,2,63,4,6,10,0,51,4,0,0,0,6,0,0,49,8.2,,,lemiere01
Jake Leschyshyn,2023,2023,1,13,0,0,0,-3,0,0,0,0,0,0,0,0,8,0,108,8:21,leschja01
Tony Leswick,1946,1951,6,368,113,89,202,,422,97,15,1,17,75,13,1,,,,,leswito01
Vinni Lettieri,2018,2019,2,46,2,6,8,-19,14,1,1,0,0,4,2,0,68,2.9,503,10:56,lettivi01
Joe Levandoski,1947,1947,1,8,1,1,2,,0,1,0,0,0,1,0,0,,,,,levanjo01
Alex Levinsky,1935,1935,1,20,0,4,4,,6,0,0,0,0,3,1,0,,,,,levinal01
Danny Lewicki,1955,1958,4,280,76,90,166,,107,63,12,1,14,56,34,0,,,,,lewicda01
Dale Lewis,1976,1976,1,8,0,0,0,-2,0,0,0,0,0,0,0,0,3,0,,,lewisda01
Igor Liba,1989,1989,1,10,2,5,7,1,15,1,1,0,0,3,2,0,14,14.3,,,libaig01
Doug Lidster,1994,1998,4,177,8,19,27,11,131,8,0,0,0,14,2,3,165,4.8,577,,lidstdo01
David Liffiton,2006,2007,2,3,0,0,0,1,9,0,0,0,0,0,0,0,2,0,32,10:35,liffida01
Oscar Lindberg,2015,2017,3,134,21,27,48,14,75,20,1,0,3,24,3,0,202,10.4,1540,11:30,lindbos02
Johan Lindbom,1998,1998,1,38,1,3,4,4,28,1,0,0,0,3,0,0,38,2.6,443,,lindbjo01
Ryan Lindgren,2019,2024,6,270,7,57,64,76,189,6,0,1,1,55,0,2,278,2.5,5096,18:52,lindgry01
Eric Lindros*,2002,2004,3,192,66,92,158,31,339,41,24,1,7,72,20,0,514,12.8,3779,19:41,lindrer01
Richard Lintner,2003,2003,1,10,1,0,1,-5,0,0,1,0,0,0,0,0,9,11.1,143,14:20,lintnri01
Enver Lisin,2010,2010,1,57,6,8,14,-1,18,6,0,0,0,7,1,0,91,6.6,637,11:11,lisinen01
Bill Lochead,1980,1980,1,7,0,0,0,-5,4,0,0,0,0,0,0,0,3,0,,,lochebi01
Corey Locke,2010,2010,1,3,0,0,0,1,0,0,0,0,0,0,0,0,2,0,19,6:18,lockeco01
Troy Loney,1995,1995,1,4,0,0,0,-2,0,0,0,0,0,0,0,0,2,0,,,loneytr01
Jim Lorentz,1972,1972,1,5,0,0,0,-1,0,0,0,0,0,0,0,0,1,0,,,lorenji01
Kevin Lowe*,1993,1996,4,217,10,38,48,20,262,9,1,0,1,32,2,4,167,6,,,loweke01
Odie Lowe,1950,1950,1,3,1,1,2,,0,1,0,0,0,1,0,0,,,,,loweod01
Don Luce,1970,1971,2,21,1,3,4,-2,8,1,0,0,0,3,0,0,23,4.3,,,lucedo01
Pentti Lund,1949,1951,3,182,36,41,77,,40,30,6,0,2,37,4,0,,,,,lundpe01
Nils Lundkvist,2022,2022,1,25,1,3,4,4,0,0,1,0,0,2,1,0,32,3.1,348,13:56,lundkni01
Jamie Lundmark,2003,2006,3,114,11,19,30,-13,55,11,0,0,1,13,6,0,147,7.5,1408,12:21,lundmja01
Roman Lyashenko,2002,2003,2,17,2,0,2,-2,0,2,0,0,0,0,0,0,17,11.8,141,8:18,lyashro01
Vic Lynn,1943,1943,1,1,0,0,0,,0,0,0,0,0,0,0,0,,,,,lynnvi01
Jason MacDonald,2004,2004,1,4,0,0,0,-1,19,0,0,0,0,0,0,0,3,0,33,8:11,macdoja01
Kilby MacDonald,1940,1945,4,152,36,34,70,,47,36,0,0,6,29,4,1,,,,,macdoki01
Parker MacDonald,1957,1960,3,119,15,18,33,-1,52,12,3,0,0,17,1,0,1,0,,,macdopa01
Hub Macey,1942,1943,2,18,6,8,14,,0,4,2,0,1,7,1,0,,,,,maceyhu01
Bruce MacGregor,1971,1974,4,220,62,73,135,53,44,53,3,6,13,63,7,3,378,16.4,,,macgrbr01
Ian MacIntosh,1953,1953,1,4,0,0,0,,4,0,0,0,0,0,0,0,,,,,macinia01
Norm Maciver,1987,1989,3,67,9,26,35,2,28,5,4,0,2,13,13,0,103,8.7,,,macivno01
Bill MacKenzie,1935,1935,1,20,1,0,1,,10,0,0,1,0,0,0,0,,,,,mackebi01
Reg Mackey,1927,1927,1,41,0,0,0,,16,,,,0,,,,,,,,mackere01
John MacLean,1999,2001,3,161,46,51,97,1,98,26,17,3,5,41,8,2,389,11.8,2854,17:44,maclejo01
Brian MacLellan,1986,1986,1,51,11,21,32,-21,47,3,8,0,1,14,7,0,113,9.7,,,maclebr01
Bob MacMillan,1975,1975,1,22,1,2,3,3,4,1,0,0,0,2,0,0,16,6.3,,,macmibo01
Al MacNeil,1967,1967,1,58,0,4,4,9,44,0,0,0,0,4,0,0,27,0,,,macneal01
Craig MacTavish,1994,1994,1,12,4,2,6,6,11,3,1,0,1,2,0,0,25,16,,,mactacr01
John Mahaffy,1944,1944,1,28,9,20,29,,0,9,0,0,0,20,0,0,,,,,mahafjo01
Vladimir Malakhov,2001,2004,4,211,12,53,65,-2,192,9,3,0,0,26,23,4,365,3.3,4522,21:26,malakvl01
Manny Malhotra,1999,2002,4,206,19,22,41,-19,90,17,1,1,5,21,1,0,166,11.4,1821,8:50,malhoma01
Marek Malík,2006,2008,3,185,6,43,49,67,196,6,0,0,2,37,4,2,161,3.7,3650,19:44,malikma01
Troy Mallette,1990,1991,2,150,25,26,51,-16,557,21,4,0,3,23,3,0,198,12.6,,,malletr01
Ryan Malone,2015,2015,1,6,0,0,0,-4,4,0,0,0,0,0,0,0,6,0,60,10:02,malonry01
Dave Maloney,1975,1985,11,605,70,225,295,63,1113,49,17,4,7,166,55,4,895,7.8,,,malonda02
Don Maloney,1979,1989,11,653,195,307,502,38,739,131,50,14,27,235,65,7,1046,18.6,,,malondo01
Gus Mancuso,1943,1943,1,21,6,8,14,,13,6,0,0,2,8,0,0,,,,,mancugu01
Mike Maneluk,1999,1999,1,4,0,0,0,-1,4,0,0,0,0,0,0,0,3,0,29,7:18,manelmi01
Jack Mann,1944,1945,2,9,3,4,7,,0,3,0,0,1,4,0,0,,,,,mannja01
Ray Manson,1949,1949,1,1,0,1,1,,0,0,0,0,0,1,0,0,,,,,mansora01
Paul Mara,2007,2009,3,156,8,35,43,9,164,6,2,0,0,16,18,1,222,3.6,2968,19:01,marapa01
Bud Maracle,1931,1931,1,11,1,3,4,,4,,,,0,,,,,,,,maracbu01
Todd Marchant,1994,1994,1,1,0,0,0,-1,0,0,0,0,0,0,0,0,1,0,,,marchto01
Dave Marcinyshyn,1993,1993,1,2,0,0,0,-1,2,0,0,0,0,0,0,0,1,0,,,marcida01
Ray Markham,1980,1980,1,14,1,1,2,-3,21,1,0,0,0,1,0,0,6,16.7,,,markhra01
Mario Marois,1978,1981,4,166,15,52,67,9,356,13,2,0,1,34,18,0,297,5.1,,,maroima01
Gilles Marotte,1974,1976,3,180,10,66,76,9,131,9,1,0,2,59,3,4,346,2.9,,,marotgi01
Bert Marshall,1973,1973,1,8,0,0,0,-3,14,0,0,0,0,0,0,0,4,0,,,marshbe01
Don Marshall,1964,1970,7,479,129,141,270,13,40,93,33,3,19,108,26,7,992,13,,,marshdo01
Clare Martin,1952,1952,1,15,0,1,1,,8,0,0,0,0,1,0,0,,,,,marticl01
Brandon Mashinter,2013,2014,2,10,0,0,0,-3,10,0,0,0,0,0,0,0,5,0,51,5:07,mashibr01
Charley Mason,1935,1936,2,74,6,14,20,,22,4,2,0,0,13,1,0,,,,,masonch01
Stéphane Matteau,1994,1996,3,85,11,10,21,-7,49,9,2,0,0,10,0,0,98,11.2,,,mattest01
Brad Maxwell,1987,1987,1,9,0,4,4,-1,6,0,0,0,0,2,2,0,10,0,,,maxwebr02
Jim Mayer,1980,1980,1,4,0,0,0,1,0,0,0,0,0,0,0,0,2,0,,,mayerji01
Sam McAdam,1931,1931,1,5,0,0,0,,0,,,,0,,,,,,,,mcadasa01
Chris McAllister,2004,2004,1,12,0,1,1,-4,12,0,0,0,0,1,0,0,8,0,154,12:49,mcallch01
Bryan McCabe,2011,2011,1,19,2,4,6,-1,6,0,2,0,0,0,4,0,34,5.9,302,15:54,mccabbr01
Dunc McCallum,1966,1966,1,2,0,0,0,1,2,0,0,0,0,0,0,0,1,0,,,mccaldu01
Dan McCarthy,1981,1981,1,5,4,0,4,3,4,2,2,0,0,0,0,0,7,57.1,,,mccarda01
Sandy McCarthy,2001,2004,4,258,28,32,60,-17,425,26,2,0,6,32,0,0,277,10.1,2278,8:50,mccarsa01
Rob McClanahan,1982,1984,3,141,33,43,76,19,77,31,0,2,3,43,0,0,206,16,,,mcclaro01
Shawn McCosh,1995,1995,1,5,1,0,1,1,2,1,0,0,0,0,0,0,2,50,,,mccossh01
Bill McCreary,1954,1955,2,10,0,2,2,,2,0,0,0,0,1,1,0,,,,,mccrebi01
Bill McDonagh,1950,1950,1,4,0,0,0,,2,0,0,0,0,0,0,0,,,,,mcdonbi01
Ryan McDonagh,2011,2018,8,516,51,187,238,141,221,38,9,4,10,127,52,8,901,5.7,12155,23:33,mcdonry01
Bucko McDonald,1944,1945,2,79,7,15,22,,14,5,2,0,0,15,0,0,,,,,mcdonbu01
Jack McDonald,1944,1944,1,43,10,9,19,,6,9,1,0,0,8,1,0,,,,,mcdonja02
Robert McDonald,1944,1944,1,1,0,0,0,,0,0,0,0,0,0,0,0,,,,,mcdonro01
Mike McDougal,1979,1981,2,3,0,0,0,1,0,0,0,0,0,0,0,0,1,0,,,mcdoumi01
Mike McEwen,1977,1986,5,242,42,92,134,-28,141,27,15,0,5,53,38,1,523,8,,,mcewemi01
Sandy McGregor,1964,1964,1,2,0,0,0,-1,0,0,0,0,0,0,0,0,0,,,,mcgresa01
Dylan McIlrath,2014,2017,4,38,2,2,4,6,84,2,0,0,0,2,0,0,28,7.1,512,13:28,mcilrdy01
John McIntyre,1993,1993,1,11,1,0,1,-1,4,1,0,0,0,0,0,0,5,20,,,mcintjo01
Greg McKegg,2020,2022,2,96,7,7,14,-13,23,6,0,1,0,5,0,2,65,10.8,974,10:09,mckeggr01
Tony McKegney,1987,1987,1,64,29,17,46,3,56,20,7,2,6,14,3,0,166,17.5,,,mckegto01
Steve McKenna,2002,2002,1,54,2,1,3,0,144,1,1,0,1,1,0,0,17,11.8,215,3:59,mckenst01
Don McKenney,1963,1964,2,76,17,33,50,-15,10,12,5,0,2,26,7,0,126,13.5,,,mckendo01
John McKenzie,1966,1966,1,35,6,5,11,-17,36,4,2,0,0,5,0,0,73,8.2,,,mckenjo01
Cody McLeod,2018,2019,2,56,1,2,3,-21,99,1,0,0,0,2,0,0,46,2.2,409,7:18,mcleoco01
Jackie McLeod,1950,1955,5,106,14,23,37,,10,13,1,0,1,22,1,0,,,,,mcleoja01
Mike McMahon,1964,1972,4,61,0,13,13,-7,48,0,0,0,0,8,5,0,62,0,,,mcmahmi02
George McPhee,1984,1987,4,109,21,24,45,-4,247,20,1,0,4,23,1,0,117,17.9,,,mcphege01
Adam McQuaid,2019,2019,1,36,2,3,5,3,33,2,0,0,0,2,0,1,19,10.5,629,17:28,mcquaad01
Brian McReynolds,1991,1991,1,1,0,0,0,-1,0,0,0,0,0,0,0,0,0,,,,mcreybr01
Marty McSorley,1996,1996,1,9,0,2,2,-6,21,0,0,0,0,1,1,0,12,0,,,mcsorma01
Jayson Megna,2016,2016,1,6,1,1,2,-1,2,1,0,0,0,1,0,0,9,11.1,73,12:15,megnaja01
Dick Meissner,1964,1965,2,36,3,5,8,-2,0,3,0,0,0,4,1,0,36,8.3,,,meissdi01
Larry Melnyk,1986,1988,3,133,4,21,25,-14,281,4,0,0,1,19,2,0,94,4.3,,,melnyla01
Jan Mertzig,1999,1999,1,23,0,2,2,-5,8,0,0,0,0,1,1,0,10,0,277,12:02,mertzja01
Joby Messier,1993,1995,3,25,0,4,4,1,24,0,0,0,0,4,0,0,22,0,,,messijo01
Mark Messier*,1992,2004,10,698,250,441,691,74,667,155,72,23,41,253,160,28,1658,15.1,5043,18:12,messima01
Larry Mickey,1966,1968,3,19,0,2,2,-1,2,0,0,0,0,2,0,0,9,0,,,mickela01
Nick Mickoski,1949,1955,7,364,89,93,182,,127,71,16,2,8,70,23,0,,,,,mickoni01
Rick Middleton,1975,1976,2,124,46,44,90,-45,33,33,13,0,7,21,23,0,265,17.4,,,middlri01
Niko Mikkola,2023,2023,1,31,1,2,3,4,23,1,0,0,0,2,0,0,31,3.2,580,18:42,mikkoni01
Jim Mikol,1965,1965,1,30,1,3,4,-13,6,0,0,1,0,1,2,0,30,3.3,,,mikolji01
Hib Milks,1932,1932,1,48,0,4,4,,14,,,,0,,,,,,,,milkshi01
Corey Millen,1990,1992,3,19,4,5,9,-2,12,2,2,0,0,2,3,0,32,12.5,,,milleco01
J.T. Miller,2013,2018,6,341,72,100,172,18,144,56,13,3,18,82,17,1,546,13.2,5057,14:50,millejt01
K'Andre Miller,2021,2024,4,228,22,60,82,50,99,21,1,0,6,52,4,4,288,7.6,4858,21:18,milleka01
Kelly Miller,1985,1987,3,117,19,36,55,-4,76,16,2,1,4,32,4,0,174,10.9,,,milleke01
Kevin Miller,1989,1991,3,103,20,37,57,-1,67,17,1,2,4,33,3,1,162,12.3,,,milleke02
Warren Miller,1980,1980,1,55,7,6,13,-6,17,7,0,0,3,6,0,0,51,13.7,,,millewa01
Boris Mironov,2003,2004,2,111,6,22,28,4,120,4,2,0,1,15,6,1,185,3.2,2288,20:37,mironbo01
John Mitchell,2012,2012,1,63,5,11,16,10,8,5,0,0,0,9,2,0,64,7.8,640,10:10,mitchjo01
Bill Moe,1945,1949,5,261,11,42,53,,163,11,0,0,2,32,10,0,,,,,moebi01
Lloyd Mohns,1944,1944,1,1,0,0,0,,0,0,0,0,0,0,0,0,,,,,mohnsll01
Randy Moller,1990,1992,3,164,7,38,45,-3,378,6,1,0,1,28,10,0,166,4.2,,,mollera01
Larry Molyneaux,1938,1939,2,45,0,1,1,,20,0,0,0,0,1,0,0,,,,,molynla01
Sergio Momesso,1996,1997,2,28,4,4,8,-4,41,2,2,0,0,2,2,0,46,8.7,,,momesse01
Hartland Monahan,1975,1975,1,6,0,1,1,-2,4,0,0,0,0,1,0,0,5,0,,,monahha01
Dominic Moore,2004,2016,5,322,31,50,81,7,106,26,2,3,7,43,5,2,448,6.9,4121,12:48,mooredo01
Greg Moore,2008,2008,1,6,0,0,0,-2,0,0,0,0,0,0,0,0,13,0,71,11:49,mooregr01
John Moore,2013,2015,3,125,6,21,27,23,49,6,0,0,2,19,2,0,186,3.2,1861,14:53,moorejo01
Jayson More,1989,1997,2,15,0,1,1,-1,25,0,0,0,0,1,0,0,10,0,,,moreja01
Howie Morenz*,1936,1936,1,18,2,5,7,,6,1,1,0,0,4,1,0,,,,,morenho01
Derek Morris,2009,2009,1,18,0,8,8,3,16,0,0,0,0,5,3,0,31,0,354,19:41,morride01
Moe Morris,1949,1949,1,18,0,1,1,,6,0,0,0,0,1,0,0,,,,,morrimo01
Jim Morrison,1961,1961,1,19,1,6,7,-7,6,1,0,0,0,4,2,0,34,2.9,,,morriji01
Mark Morrison,1982,1984,2,10,1,1,2,-5,0,1,0,0,1,1,0,0,11,9.1,,,morrima01
Mike Mottau,2001,2002,2,19,0,3,3,-6,13,0,0,0,0,1,2,0,17,0,282,14:49,mottami01
Tyler Motte,2022,2023,2,33,5,5,10,1,2,5,0,0,1,5,0,0,62,8.1,378,11:28,mottety01
Chris Mueller,2015,2015,1,7,1,1,2,-1,0,0,1,0,0,1,0,0,10,10,73,10:27,muellch01
Brian Mullen,1988,1991,4,307,100,148,248,24,188,65,29,6,15,100,44,4,738,13.6,,,mullebr01
Don Murdoch,1977,1980,4,221,97,93,190,-20,110,66,30,1,11,64,29,0,687,14.1,,,murdodo01
Murray Murdoch,1927,1937,11,508,84,104,188,,193,26,5,2,15,34,7,3,,,,,murdomu01
Mike Murphy,1973,1974,2,31,6,5,11,-7,5,6,0,0,1,5,0,0,63,9.5,,,murphmi01
Ron Murphy,1953,1957,5,207,41,60,101,,139,31,10,0,4,45,15,0,,,,,murphro01
Garth Murray,2004,2004,1,20,1,0,1,-5,24,1,0,0,0,0,0,0,18,5.6,185,9:16,murraga01
Rem Murray,2002,2003,2,43,7,8,15,-12,8,5,1,1,1,8,0,0,76,9.2,675,15:42,murrare01
Vic Myles,1943,1943,1,45,6,8,14,,57,5,1,0,0,7,1,0,,,,,mylesvi01
Vladislav Namestnikov,2018,2020,3,99,13,22,35,-14,56,9,2,2,3,17,2,3,150,8.7,1557,15:44,namesvl01
Rick Nash,2013,2018,6,375,145,107,252,64,178,111,26,8,29,82,21,4,1305,11.1,6509,17:21,nashri01
Markus Näslund,2009,2009,1,82,24,22,46,-10,57,16,8,0,0,16,6,0,215,11.2,1409,17:11,nasluma02
Rumun Ndur,1999,1999,1,31,1,3,4,-2,46,1,0,0,0,3,0,0,21,4.8,371,11:58,ndurru01
Stan Neckář,1999,1999,1,18,0,0,0,-1,8,0,0,0,0,0,0,0,8,0,248,13:46,neckast01
Václav Nedomanský*,1983,1983,1,35,12,8,20,-3,0,3,9,0,3,3,5,0,107,11.2,,,nedomva01
Petr Nedvěd,1995,2004,7,478,149,202,351,-16,312,97,44,8,25,138,59,5,1240,12,8570,19:50,nedvepe01
Jim Neilson,1963,1974,12,811,60,238,298,32,763,44,15,1,11,173,62,3,1826,3.3,,,neilsji01
Sergei Nemchinov,1992,1997,6,418,105,120,225,55,151,97,7,1,20,102,13,5,687,15.3,,,nemchse01
Patrik Nemeth,2022,2022,1,63,2,5,7,-9,28,2,0,0,1,5,0,0,52,3.8,1048,16:38,nemetpa01
Steve Nemeth,1988,1988,1,12,2,0,2,-4,2,1,0,1,0,0,0,0,12,16.7,,,nemetst01
Lance Nethery,1981,1982,2,38,11,12,23,-1,12,9,2,0,0,12,0,0,51,21.6,,,nethela01
Bob Nevin,1964,1971,8,505,168,174,342,20,105,126,38,4,26,115,56,3,1362,12.3,,,nevinbo01
Kris Newbury,2011,2013,3,24,0,2,2,-1,68,0,0,0,0,2,0,0,12,0,172,7:11,newbukr01
Dan Newman,1977,1978,2,100,14,21,35,-16,59,14,0,0,2,19,2,0,148,9.5,,,newmada01
Bernie Nicholls,1990,1992,3,104,37,73,110,1,116,22,15,0,2,36,37,0,280,13.2,,,nichobe01
Graeme Nicolson,1983,1983,1,10,0,0,0,-5,9,0,0,0,0,0,0,0,3,0,,,nicolgr01
Jeff Nielsen,1997,1997,1,2,0,0,0,-1,2,0,0,0,0,0,0,0,1,0,,,nielsje01
Ville Nieminen,2006,2006,1,48,5,12,17,10,53,5,0,0,2,10,1,1,73,6.8,559,11:38,niemivi01
Boo Nieves,2017,2020,4,76,5,14,19,3,24,5,0,0,1,14,0,0,59,8.5,743,9:46,nievecr01
Chris Nilan,1988,1990,3,85,11,14,25,-16,332,11,0,0,1,14,0,0,83,13.3,,,nilanch01
Ulf Nilsson,1979,1983,4,170,57,112,169,30,85,41,14,2,10,79,31,2,257,22.2,,,nilssul01
Brian Noonan,1994,1997,3,101,24,24,48,-5,66,12,12,0,5,17,6,1,183,13.1,,,noonabr01
Mattias Norström,1994,1996,3,43,2,6,8,7,30,2,0,0,0,6,0,0,24,8.3,,,norstma01
Lawrence Nycholat,2004,2004,1,9,0,0,0,-2,6,0,0,0,0,0,0,0,6,0,154,17:09,nychola01
Michael Nylander,2006,2007,2,160,49,113,162,43,118,29,20,0,8,79,34,0,365,13.4,3176,19:51,nylanmi01
Buddy O'Connor*,1948,1951,4,238,62,102,164,,12,50,11,1,11,75,27,0,,,,,oconnbu01
Rob O'Gara,2018,2018,1,22,0,3,3,-2,6,0,0,0,0,3,0,0,19,0,378,17:10,ogararo01
Russell Oatman,1929,1929,1,27,1,1,2,,8,,,,1,,,,,,,,oatmaru01
John Ogrodnick,1988,1992,5,338,126,128,254,29,106,84,42,0,22,90,37,1,876,14.4,,,ogrodjo01
Eddie Olczyk,1993,1995,3,103,18,22,40,6,58,17,1,0,2,16,6,0,178,10.1,,,olczyed01
David Oliver,1997,1997,1,14,2,1,3,3,4,2,0,0,0,1,0,0,13,15.4,,,oliveda01
Krzysztof Oliwa,2003,2003,1,9,0,0,0,1,51,0,0,0,0,0,0,0,3,0,34,3:45,oliwakr01
Colton Orr,2006,2009,4,224,4,7,11,-29,522,4,0,0,2,7,0,0,87,4.6,1458,6:31,orrco01
Jed Ortmeyer,2004,2007,3,177,9,15,24,-1,76,8,0,1,1,14,0,1,205,4.4,1954,11:02,ortmeje01
Mark Osborne,1984,1995,5,253,61,74,135,-9,321,44,16,1,8,55,17,2,463,13.2,,,osborma01
Sandis Ozoliņš,2006,2007,2,40,3,14,17,-6,28,1,2,0,0,4,10,0,56,5.4,848,21:12,ozolisa01
Wilf Paiement,1986,1986,1,8,1,6,7,2,13,1,0,0,0,5,1,0,14,7.1,,,paiemwi01
Daniel Paille,2016,2016,1,12,0,0,0,-2,0,0,0,0,0,0,0,0,11,0,137,11:25,paillda01
Aldo Palazzari,1944,1944,1,11,2,0,2,,0,2,0,0,0,0,0,0,,,,,palazal01
Artemi Panarin,2020,2024,5,282,108,257,365,80,84,81,27,0,15,159,98,0,751,14.4,5568,19:45,panarar01
P.A. Parenteau,2010,2010,1,22,3,5,8,-2,4,2,1,0,0,3,2,0,38,7.9,301,13:42,parenpi01
Brad Park*,1969,1976,8,465,95,283,378,178,738,58,34,3,14,177,101,5,1320,7.2,,,parkbr01
Joe Paterson,1988,1989,2,41,1,4,5,-7,147,1,0,0,0,4,0,0,17,5.9,,,paterjo01
Larry Patey,1984,1985,2,16,1,3,4,-6,16,0,0,1,0,2,0,1,10,10,,,pateyla01
James Patrick,1984,1994,11,671,104,363,467,66,541,52,50,2,8,165,188,10,1254,8.3,,,patrija01
Lester Patrick*,1927,1927,1,1,0,0,0,,2,,,,0,,,,,,,,patrile01
Lynn Patrick*,1935,1946,10,455,145,191,336,,240,116,23,6,16,157,29,5,,,,,patrily01
Muzz Patrick,1938,1946,5,164,5,26,31,,139,5,0,0,1,25,0,1,,,,,patrimu01
Steve Patrick,1985,1986,2,71,15,21,36,-10,100,11,4,0,0,17,4,0,83,18.1,,,patrist01
Mark Pavelich,1982,1986,5,341,133,185,318,49,326,79,48,6,17,130,54,1,689,19.3,,,pavelma02
Jim Pavese,1988,1988,1,14,0,1,1,-7,48,0,0,0,0,1,0,0,13,0,,,pavesji01
Mel Pearson,1960,1965,4,36,2,5,7,-7,23,2,0,0,0,5,0,0,46,4.3,,,pearsme01
Fern Perreault,1948,1950,2,3,0,0,0,,0,0,0,0,0,0,0,0,,,,,perrefe01
Frank Peters,1931,1931,1,43,0,0,0,,57,,,,0,,,,,,,,peterfr01
Garry Peters,1966,1966,1,63,7,3,10,-4,42,7,0,0,0,3,0,0,69,10.1,,,peterga01
Michel Petit,1988,1989,2,133,17,49,66,-12,377,10,7,0,4,32,16,1,228,7.5,,,petitmi01
Ronald Petrovický,2003,2003,1,66,5,9,14,-12,77,2,2,1,1,8,1,0,65,7.7,820,12:25,petroro02
Gord Pettinger,1933,1933,1,34,1,2,3,,18,,,,0,,,,,,,,pettigo01
Dave Pichette,1988,1988,1,6,1,3,4,-2,4,1,0,0,0,0,3,0,7,14.3,,,picheda01
Alf Pike,1940,1947,6,234,42,77,119,,145,34,7,1,6,70,6,1,,,,,pikeal01
Rich Pilon,2000,2001,2,114,2,13,15,-2,211,2,0,0,0,13,0,0,40,5,1906,16:43,pilonri01
Neal Pionk,2018,2019,2,101,7,33,40,-17,47,5,2,0,1,16,16,1,186,3.8,2172,21:30,pionkne01
Brandon Pirri,2017,2017,1,60,8,10,18,-8,25,3,5,0,3,6,4,0,96,8.3,737,12:17,pirribr01
Aleš Píša,2003,2003,1,3,0,0,0,1,0,0,0,0,0,0,0,0,3,0,42,13:55,pisaal01
Tyler Pitlick,2024,2024,1,6,0,1,1,0,0,0,0,0,0,1,0,0,4,0,60,9:58,pitlity01
Bob Plager,1965,1967,3,29,0,5,5,-11,40,0,0,0,0,4,1,0,52,0,,,plagebo01
Pierre Plante,1979,1979,1,70,6,25,31,10,37,6,0,0,1,20,2,3,84,7.1,,,plantpi01
Thomas Pöck,2004,2008,4,59,7,7,14,-13,20,7,0,0,0,3,4,0,101,6.9,966,16:22,pockth01
Walt Poddubny,1987,1988,2,152,78,97,175,17,125,54,24,0,9,52,45,0,455,17.1,,,podduwa01
Rudy Poeschek,1988,1990,3,68,0,2,2,-9,256,0,0,0,0,2,0,0,19,0,,,poescru01
Bud Poile*,1950,1950,1,28,3,6,9,,8,3,0,0,1,3,3,0,,,,,poilebu01
John Polich,1940,1941,2,3,0,1,1,,0,0,0,0,0,1,0,0,,,,,policjo01
Greg Polis,1975,1979,5,275,65,76,141,-8,196,54,7,4,8,67,6,3,640,10.2,,,polisgr01
Larry Popein,1955,1961,7,402,75,127,202,-2,150,69,3,3,6,112,12,3,155,9,,,popeila01
Peter Popovic,1999,1999,1,68,1,4,5,-12,40,1,0,0,0,4,0,0,64,1.6,1407,20:41,popovpe01
Tom Poti,2002,2006,4,231,25,78,103,5,177,15,10,0,10,40,37,1,403,6.2,5239,22:41,potito01
Corey Potter,2009,2010,2,8,1,1,2,-1,2,1,0,0,0,1,0,0,6,16.7,103,12:50,potteco01
Benoît Pouliot,2014,2014,1,80,15,21,36,10,56,8,7,0,4,20,1,0,141,10.6,1075,13:26,poulibe01
Darroll Powe,2013,2014,2,35,0,0,0,-4,18,0,0,0,0,0,0,0,18,0,305,8:42,poweda01
Babe Pratt*,1936,1943,8,308,27,97,124,,299,22,3,2,5,80,15,2,,,,,prattba01
Dean Prentice,1953,1963,11,666,186,236,422,1,266,148,36,2,25,199,34,3,791,11,,,prentde01
Wayne Presley,1996,1996,1,61,4,6,10,7,71,3,0,1,2,6,0,0,85,4.7,,,preslwa01
Noel Price,1960,1961,2,8,0,0,0,-1,4,0,0,0,0,0,0,0,6,0,,,priceno01
Pat Price,1987,1987,1,13,0,2,2,-8,49,0,0,0,0,2,0,0,4,0,,,pricepa01
Sean Pronger,1999,1999,1,14,0,3,3,-3,4,0,0,0,0,3,0,0,3,0,77,5:32,prongse01
Vinny Prospal,2010,2011,2,104,29,52,81,12,40,20,8,1,4,31,21,0,241,12,1952,18:46,prospva01
Petr Průcha,2006,2009,4,237,63,50,113,-3,100,37,26,0,5,34,16,0,399,15.8,3019,12:44,pruchpe01
Brandon Prust,2010,2012,3,190,22,33,55,4,381,15,0,7,5,30,1,2,176,12.5,2355,12:24,prustbr01
Matt Puempel,2017,2017,1,27,6,3,9,-6,4,3,3,0,1,3,0,0,32,18.8,274,10:10,puempma01
Dale Purinton,2000,2004,5,181,4,16,20,-3,578,4,0,0,0,16,0,0,106,3.8,2103,11:37,purinda01
Jamie Pushor,2004,2004,1,7,0,0,0,-3,0,0,0,0,0,0,0,0,4,0,92,13:08,pushoja01
Jean Pusie,1934,1934,1,19,0,2,2,,17,0,0,0,0,0,2,0,,,,,pusieje01
Taylor Pyatt,2013,2014,2,70,6,6,12,-4,16,5,1,0,0,5,1,0,78,7.7,907,12:58,pyattta01
Leo Quenneville,1930,1930,1,25,0,3,3,,10,,,,0,,,,,,,,quennle01
Stéphane Quintal,2000,2000,1,75,2,14,16,-10,77,2,0,0,1,10,3,1,102,2,1430,19:04,quintst01
Karel Rachůnek,2004,2007,2,78,7,23,30,-18,42,1,5,1,1,10,13,0,120,5.8,1508,19:20,rachuka01
Don Raleigh,1944,1956,10,535,101,219,320,,96,81,20,0,13,177,40,2,,,,,raleido01
Jean Ratelle*,1961,1976,16,861,336,481,817,108,192,252,82,2,46,340,141,0,2045,16.4,,,ratelje01
Mel Read,1947,1947,1,6,0,0,0,,8,0,0,0,0,0,0,0,,,,,readme01
Ryan Reaves,2022,2023,2,81,5,8,13,-18,55,5,0,0,0,8,0,0,47,10.6,836,10:19,reavery01
Wade Redden,2009,2010,2,156,5,35,40,3,78,3,2,0,0,27,7,1,227,2.2,3123,20:01,reddewa01
Bill Regan,1930,1931,2,51,2,1,3,,55,,,,0,,,,,,,,reganbi01
Ollie Reinikka,1927,1927,1,16,0,0,0,,0,,,,0,,,,,,,,reiniol01
Leo Reise,1953,1954,2,131,7,20,27,,124,7,0,0,0,16,3,1,,,,,reisele02
Leo Reise,1930,1930,1,14,0,1,1,,8,,,,0,,,,,,,,reisele01
Erik Reitz,2009,2009,1,11,0,0,0,-4,24,0,0,0,0,0,0,0,7,0,113,10:16,reitzer01
Tarmo Reunanen,2021,2021,1,4,0,1,1,1,0,0,0,0,0,1,0,0,5,0,53,13:17,reunata01
Pascal Rhéaume,2004,2004,1,17,0,0,0,-3,5,0,0,0,0,0,0,0,15,0,171,10:02,rheaupa01
Steven Rice,1991,1991,1,11,1,1,2,2,4,1,0,0,0,1,0,0,12,8.3,,,ricest01
Brad Richards,2012,2014,3,210,56,95,151,-1,54,41,15,0,12,58,37,0,598,9.4,4058,19:19,richabr01
Justin Richards,2021,2021,1,1,0,1,1,1,0,0,0,0,0,1,0,0,2,0,10,10:11,richaju01
Dave Richardson,1964,1965,2,41,3,2,5,-5,23,3,0,0,1,2,0,0,25,12,,,richada01
Steve Richmond,1984,1986,3,77,2,12,14,-10,263,2,0,0,0,11,0,1,38,5.3,,,richmst01
Barry Richter,1996,1996,1,4,0,1,1,2,0,0,0,0,0,1,0,0,3,0,,,richtba01
Mike Ridley,1986,1987,2,118,38,63,101,-11,89,27,11,0,7,41,22,0,231,16.5,,,ridlemi01
Vic Ripley,1934,1935,2,38,5,14,19,,12,5,0,0,1,14,0,0,,,,,riplevi01
Patrick Rissmiller,2009,2009,1,2,0,0,0,-2,0,0,0,0,0,0,0,0,2,0,18,9:13,rissmpa01
Alex Ritson,1945,1945,1,1,0,0,0,,0,0,0,0,0,0,0,0,,,,,ritsoal01
Wayne Rivers,1969,1969,1,4,0,0,0,-1,0,0,0,0,0,0,0,0,1,0,,,riverwa01
Bert Robertsson,2001,2001,1,2,0,0,0,-1,4,0,0,0,0,0,0,0,0,,11,5:37,roberbe01
Doug Robinson,1965,1967,3,73,16,26,42,-2,10,13,3,0,1,21,5,0,126,12.7,,,robindo01
Luc Robitaille*,1996,1997,2,146,47,70,117,29,128,31,16,0,8,46,24,0,423,11.1,,,robitlu01
Mike Robitaille,1970,1971,2,15,1,1,2,-1,15,0,1,0,0,1,0,0,13,7.7,,,robitmi01
Leon Rochefort,1961,1963,2,24,5,4,9,3,6,5,0,0,0,4,0,0,54,9.3,,,rochele01
Normand Rochefort,1989,1992,4,112,7,15,22,2,108,7,0,0,2,12,1,2,96,7.3,,,rocheno01
Eddie Rodden,1931,1931,1,19,0,3,3,,8,,,,0,,,,,,,,roddeed01
Mike Rogers,1982,1986,5,316,117,191,308,-56,142,82,25,10,11,104,82,5,764,15.3,,,rogermi01
Dale Rolfe,1971,1975,5,244,13,66,79,122,250,10,2,1,0,57,6,3,507,2.6,,,rolfeda01
Len Ronson,1961,1961,1,13,2,1,3,-3,10,2,0,0,2,1,0,0,19,10.5,,,ronsole01
Paul Ronty,1952,1955,4,259,45,113,158,,64,30,14,1,6,86,27,0,,,,,rontypa01
Kevin Rooney,2021,2022,2,115,14,12,26,-1,72,12,0,2,1,12,0,0,133,10.5,1512,13:09,rooneke01
Jim Ross,1952,1953,2,62,2,11,13,,29,1,1,0,0,10,1,0,,,,,rossji01
Bobby Rousseau,1972,1975,4,236,41,116,157,11,30,26,14,1,10,54,61,1,426,9.6,,,roussbo01
Ron Rowe,1948,1948,1,5,1,0,1,,0,0,1,0,0,0,0,0,,,,,rowero01
Jean-Yves Roy,1995,1995,1,3,1,0,1,-1,2,1,0,0,0,0,0,0,8,12.5,,,royje01
Michal Rozsíval,2006,2011,6,432,42,134,176,44,374,20,20,2,10,75,53,6,570,7.4,9882,22:52,rozsimi01
Steve Rucchin,2006,2006,1,72,13,23,36,6,10,8,4,1,0,11,12,0,111,11.7,1151,16:00,rucchst01
Martin Ručinský,2002,2006,3,136,32,78,110,29,124,27,4,1,7,49,28,1,337,9.5,2508,18:26,rucinma01
Lindy Ruff,1989,1991,3,83,3,12,15,-18,138,3,0,0,2,11,1,0,88,3.4,,,ruffli01
Reijo Ruotsalainen,1982,1986,5,389,99,217,316,62,154,66,33,0,15,131,85,1,1250,7.9,,,ruotsre01
Duane Rupp,1963,1963,1,2,0,0,0,1,0,0,0,0,0,0,0,0,0,,,,ruppdu01
Mike Rupp,2012,2013,2,68,4,1,5,-4,109,4,0,0,2,1,0,0,33,12.1,449,6:36,ruppmi01
Church Russell,1946,1948,3,90,20,16,36,,12,15,5,0,0,13,3,0,,,,,russech01
Simo Saarinen,1985,1985,1,8,0,0,0,-5,8,0,0,0,0,0,0,0,8,0,,,saarisi01
Larry Sacharuk,1973,1977,4,75,9,11,20,-16,18,4,5,0,4,4,7,0,131,6.9,,,sachala01
Kjell Samuelsson,1986,1987,2,39,2,6,8,-2,60,2,0,0,0,5,1,0,27,7.4,,,samuekj01
Mikael Samuelsson,2002,2003,2,125,14,24,38,10,55,9,2,3,3,20,3,1,212,6.6,1696,13:34,samuemi01
Ulf Samuelsson,1996,1999,4,287,14,46,60,19,475,13,1,0,3,39,6,1,239,5.9,2772,41:22:00,samueul01
Derek Sanderson,1975,1976,2,83,25,25,50,2,110,20,3,2,3,23,2,0,216,11.6,,,sandede01
Charlie Sands,1944,1944,1,9,0,2,2,,0,0,0,0,0,2,0,0,,,,,sandsch01
Tomas Sandström,1985,1990,6,407,173,207,380,-2,563,115,54,4,19,118,88,1,1277,13.5,,,sandsto01
Bobby Sanguinetti,2010,2010,1,5,0,0,0,0,4,0,0,0,0,0,0,0,5,0,58,11:32,sangubo01
Glen Sather*,1971,1974,4,186,18,24,42,16,193,16,1,1,3,23,0,1,139,12.9,,,sathegl01
Michael Sauer,2009,2012,3,98,4,14,18,28,96,3,1,0,2,14,0,0,70,5.7,1715,17:30,sauermi01
Marc Savard,1998,1999,2,98,10,41,51,-11,42,6,4,0,1,23,18,0,148,6.8,1309,18:42,savarma01
Chuck Scherza,1944,1945,2,27,5,5,10,,29,5,0,0,0,5,0,0,,,,,scherch01
Ken Schinkel,1960,1967,6,265,34,55,89,-56,77,29,3,2,7,46,5,4,406,8.4,,,schinke01
Braden Schneider,2022,2024,3,138,8,24,32,11,29,8,0,0,1,23,1,0,120,6.7,2161,15:39,schnebr01
Mathieu Schneider,1999,2000,2,155,20,44,64,-25,149,12,8,0,3,18,26,0,387,5.2,3628,23:24,schnema01
John Scott,2012,2012,1,6,0,0,0,-1,5,0,0,0,0,0,0,0,1,0,33,5:33,scottjo01
Laurie Scott,1928,1928,1,23,0,1,1,,6,,,,0,,,,,,,,scottla01
Richard Scott,2002,2004,2,10,0,0,0,0,28,0,0,0,0,0,0,0,2,0,42,4:13,scottri01
Brandon Segal,2013,2013,1,1,0,0,0,0,2,0,0,0,0,0,0,0,0,,5,5:21,segalbr01
Earl Seibert*,1932,1936,5,204,27,41,68,,338,17,3,1,0,27,3,2,,,,,seibeea01
Rod Seiling,1964,1975,12,644,50,198,248,164,425,45,3,2,9,149,44,5,1198,4.2,,,seiliro01
George Senick,1953,1953,1,13,2,3,5,,8,2,0,0,0,2,1,0,,,,,senicge01
Pierre Sévigny,1998,1998,1,3,0,0,0,0,2,0,0,0,0,0,0,0,1,0,32,,sevigpi01
Eddie Shack,1959,1961,3,141,16,26,42,-34,232,16,0,0,4,24,2,0,149,6,,,shacked01
Joe Shack,1943,1945,2,70,9,27,36,,20,8,1,0,1,27,0,0,,,,,shackjo01
Brendan Shanahan*,2007,2008,2,140,52,56,108,0,82,24,25,3,6,29,25,2,560,9.3,2679,19:08,shanabr01
Kevin Shattenkirk,2018,2019,2,119,7,44,51,-29,64,4,3,0,1,28,16,0,242,2.9,2315,19:27,shattke01
David Shaw,1988,1992,5,240,17,57,74,12,314,6,9,2,3,34,22,1,317,5.4,,,shawda01
Jody Shelley,2010,2010,1,21,2,4,6,4,37,2,0,0,0,4,0,0,29,6.9,149,7:07,shelljo01
James Sheppard,2015,2015,1,14,2,0,2,-1,9,2,0,0,1,0,0,0,11,18.2,159,11:22,sheppja01
Ray Sheppard,1991,1991,1,59,24,23,47,8,21,17,7,0,5,15,8,0,129,18.6,,,sheppra01
Fred Shero*,1948,1950,3,145,6,14,20,,137,4,2,0,0,12,2,0,,,,,sherofr01
Alex Shibicky,1936,1946,8,324,109,92,201,,161,87,21,1,11,77,11,4,,,,,shibial01
Babe Siebert*,1933,1934,2,56,9,11,20,,54,0,0,0,1,1,0,0,,,,,siebeba01
Mike Siklenka,2004,2004,1,1,0,0,0,0,0,0,0,0,0,0,0,0,0,,2,2:22,siklemi01
Dave Silk,1980,1983,4,141,30,33,63,-11,112,27,3,0,1,23,10,0,249,12,,,silkda01
Mike Siltala,1987,1988,2,4,0,0,0,1,0,0,0,0,0,0,0,0,3,0,,,siltami01
Chris Simon,2004,2004,1,65,14,9,23,14,225,11,3,0,0,9,0,0,116,12.1,775,11:56,simonch01
Reg Sinclair,1951,1952,2,139,38,31,69,,103,30,5,3,4,26,5,0,,,,,sinclre01
Fredrik Sjöström,2008,2009,2,97,9,6,15,-11,38,7,0,2,1,5,0,1,121,7.4,1107,11:25,sjostfr01
Brady Skjei,2016,2020,5,307,25,87,112,-25,170,24,0,1,3,71,13,3,536,4.7,6142,20:00,skjeibr01
Brian Skrudland,1998,1998,1,59,5,6,11,-4,39,5,0,0,1,6,0,0,42,11.9,806,,skrudbr01
Ed Slowinski,1948,1953,6,291,58,74,132,,63,45,13,0,8,58,15,1,,,,,slowied01
Brendan Smith,2017,2021,5,235,14,29,43,-12,313,13,0,1,0,26,1,2,258,5.4,3559,15:09,smithbr05
Clint Smith*,1937,1943,7,281,80,116,196,,12,73,6,1,13,100,16,0,,,,,smithcl01
Dallas Smith,1978,1978,1,29,1,4,5,-13,23,1,0,0,0,4,0,0,36,2.8,,,smithda01
Don Smith,1950,1950,1,10,1,1,2,,0,1,0,0,1,1,0,0,,,,,smithdo02
Floyd Smith,1961,1961,1,29,5,9,14,-5,0,5,0,0,0,9,0,0,54,9.3,,,smithfl01
Geoff Smith,1998,1999,2,19,1,1,2,-9,8,0,1,0,0,1,0,0,11,9.1,382,95:27:00,smithge01
Stan Smith,1940,1941,2,9,2,1,3,,0,2,0,0,0,0,1,0,,,,,smithst01
Peter Smrek,2001,2002,2,22,0,4,4,-6,16,0,0,0,0,2,1,1,11,0,351,15:56,smrekpe01
Brad Smyth,1998,2001,2,5,1,0,1,0,4,1,0,0,0,0,0,0,11,9.1,63,15:39,smythbr01
Art Somers,1932,1935,4,145,19,37,56,,84,1,0,0,6,7,0,0,,,,,somerar01
Glen Sonmor,1954,1955,2,28,2,0,2,,21,2,0,0,2,0,0,0,,,,,sonmogl01
Irv Spencer,1960,1962,3,131,4,20,24,-8,81,4,0,0,2,18,2,0,126,3.2,,,spencir01
Ryan Spooner,2018,2019,2,36,5,13,18,-9,2,5,0,0,0,11,2,0,61,8.2,540,15:00,spoonry01
Ryan Sproul,2018,2018,1,16,1,4,5,-6,6,1,0,0,0,3,1,0,15,6.7,262,16:22,sproury01
Martin St. Louis*,2014,2015,2,93,22,38,60,13,24,16,5,1,1,27,11,0,181,12.2,1651,17:45,stlouma01
Eric Staal,2016,2016,1,20,3,3,6,1,2,3,0,0,0,3,0,0,40,7.5,325,16:15,staaler01
Marc Staal,2008,2020,13,892,43,145,188,46,432,34,7,2,6,125,11,9,971,4.4,18394,20:37,staalma01
Viktor Stålberg,2016,2016,1,75,9,11,20,6,22,9,0,0,0,11,0,0,125,7.2,915,12:12,stalbvi01
Al Staley,1949,1949,1,1,0,1,1,,0,0,0,0,0,1,0,0,,,,,staleal01
Allan Stanley*,1949,1955,7,307,23,56,79,,272,19,3,1,3,35,21,0,,,,,stanlal01
Wally Stanowski,1949,1951,3,146,3,14,17,,54,2,0,1,1,12,2,0,,,,,stanowa01
Harold Starr,1935,1936,2,49,0,0,0,,42,0,0,0,0,0,0,0,,,,,starrha01
Bud Stefanski,1978,1978,1,1,0,0,0,-1,0,0,0,0,0,0,0,0,1,0,,,stefabu01
Pete Stemkowski,1971,1977,7,496,113,204,317,26,379,99,13,1,8,178,20,6,1183,9.6,,,stemkpe01
Lee Stempniak,2015,2015,1,53,9,9,18,7,18,9,0,0,1,9,0,0,86,10.5,659,12:26,stemple01
Derek Stepan,2011,2017,7,515,128,232,360,109,130,93,28,7,25,155,68,9,1198,10.7,9409,18:16,stepade01
Ulf Sterner,1965,1965,1,4,0,0,0,0,0,0,0,0,0,0,0,0,7,0,,,sternul01
Kevin Stevens,1998,2000,3,199,40,52,92,-24,237,26,14,0,6,39,13,0,324,12.3,2914,24:29:00,steveke01
Gaye Stewart,1952,1953,2,87,16,27,43,,30,12,4,0,4,19,8,0,,,,,stewaga01
Ron Stewart,1968,1973,6,306,44,37,81,-9,74,34,2,8,12,31,4,2,464,9.5,,,stewaro01
P.J. Stock,1998,2000,3,54,2,4,6,4,131,2,0,0,1,4,0,0,11,18.2,257,16:02,stockpj01
Jack Stoddard,1952,1953,2,80,16,15,31,,31,12,4,0,3,12,3,0,,,,,stoddja01
Jarret Stoll,2016,2016,1,29,1,2,3,3,20,1,0,0,0,2,0,0,26,3.8,400,13:47,stollja01
Blaine Stoughton,1984,1984,1,14,5,2,7,-12,4,4,1,0,1,0,2,0,27,18.5,,,stougbl01
Neil Strain,1953,1953,1,52,11,13,24,,12,10,1,0,1,10,3,0,,,,,straine01
Martin Straka,2006,2008,3,224,65,122,187,38,88,49,15,1,12,66,55,1,452,14.4,4317,19:16,strakma01
Anton Strålman,2012,2014,3,182,7,31,38,32,62,7,0,0,0,27,4,0,225,3.1,3344,18:22,stralan01
Art Stratton,1960,1960,1,18,2,5,7,-4,2,2,0,0,0,5,0,0,29,6.9,,,stratar01
Art Strobel,1944,1944,1,7,0,0,0,,0,0,0,0,0,0,0,0,,,,,strobar01
Ryan Strome,2019,2022,4,263,71,124,195,40,206,55,15,1,11,80,41,3,523,13.6,4752,18:04,stromry01
Jason Strudwick,2006,2008,3,125,4,5,9,-10,108,4,0,0,1,5,0,0,55,7.3,1791,14:20,strudja01
Doug Sulliman,1980,1981,2,63,8,8,16,-8,34,7,1,0,0,8,0,0,82,9.8,,,sullido01
Red Sullivan,1957,1961,5,322,59,150,209,-28,296,40,14,5,9,110,37,3,343,6.1,,,sullire01
Chris Summers,2015,2016,2,6,0,0,0,-2,4,0,0,0,0,0,0,0,7,0,98,16:19,summech01
Ronnie Sundin,1998,1998,1,1,0,0,0,0,0,0,0,0,0,0,0,0,0,,22,,sundiro01
Niklas Sundström,1996,1999,4,315,65,98,163,23,78,50,11,4,10,88,8,2,426,15.3,2934,36:14:00,sundsni01
Peter Sundström,1984,1986,3,206,48,62,110,-18,70,44,0,4,7,60,2,0,372,12.9,,,sundspe01
Bill Sweeney,1960,1960,1,4,1,0,1,-3,0,0,1,0,0,0,0,0,9,11.1,,,sweenbi01
Tim Sweeney,1998,1998,1,56,11,18,29,7,26,9,2,0,1,13,5,0,75,14.7,690,,sweenti01
Petr Sýkora,2006,2006,1,40,16,15,31,5,22,9,7,0,0,11,4,0,112,14.3,607,15:11,sykorpe01
Jeff Taffe,2006,2006,1,2,0,0,0,0,0,0,0,0,0,0,0,0,1,0,8,3:49,taffeje01
Dean Talafous,1979,1982,4,202,42,60,102,6,91,30,8,4,5,52,6,2,258,16.3,,,talafde01
Ron Talakoski,1987,1988,2,9,0,1,1,1,33,0,0,0,0,1,0,0,7,0,,,talakro01
Chris Tamer,1999,1999,1,52,1,5,6,-12,92,1,0,0,1,5,0,0,46,2.2,802,15:25,tamerch01
Vladimir Tarasenko,2023,2023,1,31,8,13,21,4,0,7,1,0,1,9,4,0,66,12.1,494,15:55,tarasvl01
Spence Tatchell,1943,1943,1,1,0,0,0,,0,0,0,0,0,0,0,0,,,,,tatchsp01
Billy Taylor,1948,1948,1,2,0,0,0,,0,0,0,0,0,0,0,0,,,,,taylobi01
Billy Taylor,1965,1965,1,2,0,0,0,0,0,0,0,0,0,0,0,0,3,0,,,taylobi02
Ralph Taylor,1930,1930,1,22,2,0,2,,32,,,,0,,,,,,,,taylora01
Ted Taylor,1965,1966,2,8,0,1,1,-6,6,0,0,0,0,1,0,0,8,0,,,taylote01
Tim Taylor,2000,2001,2,114,11,16,27,-10,88,11,0,0,3,13,1,2,113,9.7,1415,12:25,tayloti01
Christian Thomas,2013,2013,1,1,0,0,0,0,0,0,0,0,0,0,0,0,2,0,13,12:46,thomach01
Paul Thompson,1927,1931,5,217,35,32,67,,150,,,,10,,,,,,,,thomppa01
Fred Thurier,1945,1945,1,50,16,19,35,,14,14,2,0,0,18,1,0,,,,,thurifr01
Billy Tibbetts,2003,2003,1,11,0,0,0,-2,12,0,0,0,0,0,0,0,6,0,110,9:58,tibbebi01
Esa Tikkanen,1993,1999,4,144,25,42,67,-13,176,16,5,4,4,24,17,1,352,7.1,436,13:38,tikkaes01
Jarred Tinordi,2022,2022,1,7,1,0,1,-5,7,1,0,0,1,0,0,0,5,20,90,12:51,tinorja01
Mark Tinordi,1988,1988,1,24,1,2,3,-5,50,1,0,0,0,2,0,0,13,7.7,,,tinorma01
Walt Tkaczuk,1968,1981,14,945,227,451,678,184,556,175,41,11,23,360,73,18,2156,10.5,,,tkaczwa01
Jeff Toms,2001,2002,2,53,8,5,13,-7,10,6,2,0,0,5,0,0,74,10.8,498,9:24,tomsje01
Zellio Toppazzini,1951,1952,2,71,15,14,29,,31,13,2,0,1,12,2,0,,,,,toppaze01
Wes Trainor,1949,1949,1,17,1,2,3,,6,1,0,0,0,1,1,0,,,,,trainwe01
John Tripp,2003,2003,1,9,1,2,3,1,2,1,0,0,0,1,1,0,16,6.3,79,8:43,trippjo01
Vincent Trocheck,2023,2024,2,96,26,49,75,5,75,15,11,0,4,39,10,0,250,10.4,1862,19:24,trochvi01
Guy Trottier,1969,1969,1,2,0,0,0,0,0,0,0,0,0,0,0,0,6,0,,,trottgu01
Jacob Trouba,2020,2024,5,285,29,84,113,26,256,21,7,1,5,68,11,5,669,4.3,6264,21:59,troubja01
Rene Trudell,1946,1948,3,129,24,28,52,,72,18,6,0,3,26,2,0,,,,,trudere01
Darren Turcotte,1989,1994,6,325,122,133,255,4,183,68,47,7,16,61,67,5,912,13.4,,,turcoda01
Dean Turner,1979,1979,1,1,0,0,0,-1,0,0,0,0,0,0,0,0,0,,,,turnede01
Norm Tustin,1942,1942,1,18,2,4,6,,0,2,0,0,1,3,1,0,,,,,tustino01
Tony Tuzzolino,2001,2001,1,6,0,0,0,-1,5,0,0,0,0,0,0,0,3,0,22,3:41,tuzzoto01
Fedor Tyutin,2004,2008,4,250,15,51,66,-6,159,7,6,2,2,33,15,3,341,4.4,5084,20:20,tyutife01
Igor Ulanov,2002,2002,1,39,0,6,6,-4,53,0,0,0,0,5,0,1,17,0,636,16:19,ulanoig01
Jeff Ulmer,2001,2001,1,21,3,0,3,-6,8,3,0,0,0,0,0,0,22,13.6,218,10:23,ulmerje01
Layne Ulmer,2004,2004,1,1,0,0,0,-1,0,0,0,0,0,0,0,0,1,0,9,9:27,ulmerla01
Carol Vadnais,1976,1982,7,485,56,190,246,-28,690,34,19,3,4,105,78,7,923,6.1,,,vadnaca01
Sparky Vail,1929,1930,2,50,4,1,5,,26,,,,0,,,,,,,,vailsp01
Darren Van Impe,2002,2002,1,17,1,0,1,3,12,0,1,0,0,0,0,0,19,5.3,240,14:09,vanimda01
Ryan VandenBussche,1997,1998,2,27,2,0,2,-4,68,2,0,0,0,0,0,0,6,33.3,54,,vandery01
Alexei Vasiliev,2000,2000,1,1,0,0,0,-1,2,0,0,0,0,0,0,0,0,,16,15:57,vasilal02
Frank Vatrano,2022,2022,1,22,8,5,13,6,6,8,0,0,1,5,0,0,56,14.3,337,15:18,vatrafr01
Pat Verbeek,1995,1996,2,88,51,46,97,27,147,30,21,0,8,29,17,0,308,16.6,,,verbepa01
Jimmy Vesey,2017,2024,5,333,62,56,118,-22,89,54,7,1,18,48,8,0,538,11.5,4748,14:15,veseyji02
Dennis Vial,1991,1991,1,21,0,0,0,-4,61,0,0,0,0,0,0,0,5,0,,,vialde01
Steve Vickers,1973,1982,10,698,246,340,586,57,330,176,69,1,35,240,99,1,1278,19.2,,,vickest01
Terry Virtue,2000,2000,1,1,0,0,0,-2,0,0,0,0,0,0,0,0,2,0,13,12:32,virtute01
Vladimir Vorobiev,1997,1998,2,31,7,7,14,-6,12,5,2,0,1,4,3,0,69,10.1,179,,vorobvl01
Aaron Voros,2009,2010,2,95,11,12,23,-11,211,7,4,0,1,12,0,0,88,12.5,855,9:00,vorosaa01
Carl Voss*,1933,1933,1,10,2,1,3,,4,,,,0,,,,,,,,vossca01
Frank Waite,1931,1931,1,17,1,3,4,,4,,,,0,,,,,,,,waitefr01
Gord Walker,1987,1988,2,19,2,4,6,-6,21,2,0,0,0,4,0,0,24,8.3,,,walkego01
Peter Wallin,1981,1982,2,52,3,14,17,2,14,3,0,0,1,10,4,0,63,4.8,,,wallipe01
Aaron Ward,2007,2007,1,60,3,10,13,-3,57,3,0,0,0,10,0,0,45,6.7,1182,19:42,wardaa01
Dixon Ward,2003,2003,1,8,0,0,0,-2,2,0,0,0,0,0,0,0,7,0,70,8:45,warddi01
Jason Ward,2006,2007,2,127,14,24,38,-7,70,11,0,3,2,21,1,2,193,7.3,1635,12:52,wardja01
Eddie Wares,1937,1937,1,2,2,0,2,,0,2,0,0,1,0,0,0,,,,,waresed01
Billy Warwick,1943,1944,2,14,3,3,6,,16,3,0,0,0,3,0,0,,,,,warwibi01
Grant Warwick,1942,1948,7,293,117,116,233,,177,90,27,0,12,100,16,0,,,,,warwigr01
Phil Watson,1936,1948,12,547,128,233,361,,491,106,16,6,20,202,24,7,,,,,watsoph01
Chick Webster,1950,1950,1,14,0,0,0,,4,0,0,0,0,0,0,0,,,,,webstjo01
Doug Weight,1992,1993,2,118,23,47,70,1,78,20,3,0,3,30,17,0,162,14.2,,,weighdo01
Dale Weise,2011,2011,1,10,0,0,0,-1,19,0,0,0,0,0,0,0,9,0,65,6:30,weiseda01
Jay Wells,1992,1995,4,186,5,23,28,4,277,5,0,0,0,22,1,0,138,3.6,,,wellsja01
Len Wharton,1945,1945,1,1,0,0,0,,0,0,0,0,0,0,0,0,,,,,whartle01
Simon Wheeldon,1988,1989,2,11,0,2,2,-3,6,0,0,0,0,2,0,0,4,0,,,wheelsi01
Blake Wheeler,2024,2024,1,14,1,2,3,-4,8,0,1,0,0,2,0,0,25,4,168,12:00,wheelbl01
Rob Whistle,1986,1986,1,32,4,2,6,-1,10,3,1,0,1,1,1,0,30,13.3,,,whistro01
Sherman White,1947,1950,2,4,0,2,2,,0,0,0,0,0,1,1,0,,,,,whitesh01
Todd White,2011,2011,1,18,1,1,2,-2,2,1,0,0,0,0,0,1,11,9.1,138,7:41,whiteto02
Trent Whitfield,2002,2002,1,1,0,0,0,1,0,0,0,0,0,0,0,0,0,,13,12:44,whitftr01
Doug Wickenheiser,1989,1989,1,1,1,0,1,1,0,1,0,0,0,0,0,0,4,25,,,wickedo01
Juha Widing,1970,1970,1,44,7,7,14,3,10,5,2,0,0,7,0,0,90,7.8,,,widinju01
Jim Wiemer,1985,1986,2,29,7,3,10,-10,32,5,2,0,1,2,1,0,73,9.6,,,wiemeji01
David Wilkie,2001,2001,1,1,0,0,0,-2,2,0,0,0,0,0,0,0,1,0,12,11:33,wilkida01
Jeremy Williams,2011,2011,1,1,0,0,0,0,0,0,0,0,0,0,0,0,0,,4,3:43,willije01
Tom Williams,1972,1974,3,25,1,3,4,-2,6,1,0,0,0,2,1,0,26,3.8,,,willito02
Bert Wilson,1974,1975,2,66,6,2,8,1,68,4,2,0,1,2,0,0,41,14.6,,,wilsobe01
Carey Wilson,1989,1990,2,82,30,51,81,5,102,16,14,0,4,26,25,0,172,17.4,,,wilsoca01
Johnny Wilson,1961,1962,2,96,25,15,40,-5,38,23,1,1,3,14,0,1,183,13.7,,,wilsojo01
Mike Wilson,2003,2003,1,1,0,0,0,1,0,0,0,0,0,0,0,0,0,,13,12:41,wilsomi02
Chad Wiseman,2004,2006,2,5,1,1,2,1,4,1,0,0,0,1,0,0,4,25,44,8:48,wisemch01
Johan Witehall,1999,2001,3,28,1,4,5,-5,10,1,0,0,0,4,0,0,23,4.3,230,8:13,witehjo01
Wojtek Wolski,2011,2012,2,46,6,16,22,10,10,5,1,0,1,13,3,0,89,6.7,638,13:52,wolskwo01
Robert Wood,1951,1951,1,1,0,0,0,,0,0,0,0,0,0,0,0,,,,,woodro01
Jeff Woywitka,2012,2012,1,27,1,5,6,2,8,1,0,0,0,5,0,0,13,7.7,281,10:25,woywije01
Bill Wylie,1951,1951,1,1,0,0,0,,0,0,0,0,0,0,0,0,,,,,wyliebi01
Keith Yandle,2015,2016,2,103,7,51,58,2,48,5,2,0,3,28,23,0,207,3.4,2055,19:57,yandlke01
Harry York,1998,1999,2,7,0,0,0,-2,4,0,0,0,0,0,0,0,7,0,63,12:40,yorkha01
Mike York,2000,2002,3,230,58,80,138,-8,54,43,13,2,13,59,19,2,536,10.8,4110,17:52,yorkmi01
Tom Younghans,1982,1982,1,47,3,5,8,0,17,3,0,0,0,4,0,1,37,8.1,,,youngto01
Rob Zamuner,1992,1992,1,9,1,2,3,0,2,1,0,0,0,2,0,0,11,9.1,,,zamunro01
Joe Zanussi,1975,1975,1,8,0,2,2,5,4,0,0,0,0,2,0,0,8,0,,,zanusjo01
Nikolai Zherdev,2009,2009,1,82,23,35,58,6,39,18,4,1,3,28,7,0,219,10.5,1380,16:50,zherdni01
Mika Zibanejad,2017,2024,8,500,206,259,465,46,145,107,90,9,33,169,79,11,1455,14.2,9799,19:36,zibanmi01
Sergei Zubov*,1993,1995,3,165,30,126,156,17,61,12,18,0,1,62,62,2,431,7,,,zubovse01
Mats Zuccarello,2011,2019,9,509,113,239,352,37,215,91,21,1,21,161,77,1,1067,10.6,9046,17:46,zuccama01